produit,qte,prix_unitaire,montant,poids,prix_kg,magasin,date,heure,total,categorie,groupe,BIO,id_ticket
121G FOIE MORUE,1,2.29,2.29,,,SAINT QUENTIN EN YVELINES,03/07/2025,20h56,44.1,foie morue,poisson,False,0529 106 114 0406
400ML LAIT DE COCO,1,1.59,1.59,,,SAINT QUENTIN EN YVELINES,03/07/2025,20h56,44.1,lait de coco,produits laitiers,False,0529 106 114 0406
250G CAMEMBER.PAST,1,2.65,2.65,,,SAINT QUENTIN EN YVELINES,03/07/2025,20h56,44.1,camembert,produits laitiers,False,0529 106 114 0406
10 OEUFS BIO CALIB,1,3.59,3.59,,,SAINT QUENTIN EN YVELINES,03/07/2025,20h56,44.1,oeuf,oeufs,True,0529 106 114 0406
10 OEUFS BIO CALIB,1,3.59,3.59,,,SAINT QUENTIN EN YVELINES,03/07/2025,20h56,44.1,oeuf,oeufs,True,0529 106 114 0406
225G BIO X2+1OFR F,1,5.95,5.95,,,SAINT QUENTIN EN YVELINES,03/07/2025,20h56,44.1,yaourt,produits laitiers,True,0529 106 114 0406
250G ECHALOTE RDF,1,1.79,1.79,,,SAINT QUENTIN EN YVELINES,03/07/2025,20h56,44.1,echalote,légumes,False,0529 106 114 0406
500G SPAGHETTI INT,1,1.66,1.66,,,SAINT QUENTIN EN YVELINES,03/07/2025,20h56,44.1,pates,céréales et féculents,False,0529 106 114 0406
200ML REAL THAI LA,1,1.95,1.95,,,SAINT QUENTIN EN YVELINES,03/07/2025,20h56,44.1,lait de coco,produits laitiers,False,0529 106 114 0406
100G TAB CHOC NR 8,1,2.55,2.55,,,SAINT QUENTIN EN YVELINES,03/07/2025,20h56,44.1,chocolat noir,grinottage,False,0529 106 114 0406
120G FOIE MORUE AU,1,3.35,3.35,,,SAINT QUENTIN EN YVELINES,03/07/2025,20h56,44.1,foie morue,poisson,False,0529 106 114 0406
500G SON DAVOINE,1,2.79,2.79,,,SAINT QUENTIN EN YVELINES,03/07/2025,20h56,44.1,son d'avoine,céréales et féculents,False,0529 106 114 0406
500G SON DAVOINE,1,2.79,2.79,,,SAINT QUENTIN EN YVELINES,03/07/2025,20h56,44.1,son d'avoine,céréales et féculents,False,0529 106 114 0406
500G SON DAVOINE,1,2.79,2.79,,,SAINT QUENTIN EN YVELINES,03/07/2025,20h56,44.1,son d'avoine,céréales et féculents,False,0529 106 114 0406
GRAIN COURGE ORIGI,1,2.06,2.06,0.186,11.1,SAINT QUENTIN EN YVELINES,03/07/2025,20h56,44.1,graine de courge,graines et noix,False,0529 106 114 0406
CAROTTE BIO 1.5KG,1,2.99,2.99,,,SAINT QUENTIN EN YVELINES,03/07/2025,20h56,44.1,carotte,légumes,True,0529 106 114 0406
COMTE RDF,1,3.44,3.44,0.192,17.9,SAINT QUENTIN EN YVELINES,09/05/2025,20h44,23.3,fromage,produits laitiers,False,0529 111 196 0411
KG 2 CUISSE PLT JN,1,7.62,7.62,0.72,10.59,SAINT QUENTIN EN YVELINES,09/05/2025,20h44,23.3,poulet,viande,False,0529 111 196 0411
100G CHOC NR 78% G,1,2.89,2.89,,,SAINT QUENTIN EN YVELINES,09/05/2025,20h44,23.3,chocolat noir,grinottage,False,0529 111 196 0411
TOMATE COTE RGE,1,4.68,4.68,1.173,3.99,SAINT QUENTIN EN YVELINES,09/05/2025,20h44,23.3,tomate,légumes,False,0529 111 196 0411
BANANE CRF BIO,1,1.99,1.99,,,SAINT QUENTIN EN YVELINES,09/05/2025,20h44,23.3,banane,fruits,True,0529 111 196 0411
MANGUE PIECE,1,1.49,1.49,,,SAINT QUENTIN EN YVELINES,09/05/2025,20h44,23.3,mangue,fruits,False,0529 111 196 0411
AVOCAT PIECE,1,1.19,1.19,,,SAINT QUENTIN EN YVELINES,09/05/2025,20h44,23.3,avocat,légumes,False,0529 111 196 0411
4 OEUFS GROS CRF B,1,1.99,1.99,,,SAINT QUENTIN EN YVELINES,03/05/2025,18h24,34.6,oeuf,oeufs,False,0529 105 91 0405
4 OEUFS GROS CRF B,1,1.99,1.99,,,SAINT QUENTIN EN YVELINES,03/05/2025,18h24,34.6,oeuf,oeufs,False,0529 105 91 0405
COMTE 6MOIS,1,6.02,6.02,0.288,20.9,SAINT QUENTIN EN YVELINES,03/05/2025,18h24,34.6,fromage,produits laitiers,False,0529 105 91 0405
100G TAB CHOC NR 8,1,2.55,2.55,,,SAINT QUENTIN EN YVELINES,03/05/2025,18h24,34.6,chocolat noir,grinottage,False,0529 105 91 0405
100G CHOC NR 78% G,1,2.89,2.89,,,SAINT QUENTIN EN YVELINES,03/05/2025,18h24,34.6,chocolat noir,grinottage,False,0529 105 91 0405
100G CHOC NR 85%,1,2.55,2.55,,,SAINT QUENTIN EN YVELINES,03/05/2025,18h24,34.6,chocolat noir,grinottage,False,0529 105 91 0405
OEUF PAYS DYVELIN,1,6.85,6.85,,,SAINT QUENTIN EN YVELINES,03/05/2025,18h24,34.6,oeuf,oeufs,False,0529 105 91 0405
200G LABNEH CREAM,1,2.19,2.19,,,SAINT QUENTIN EN YVELINES,03/05/2025,18h24,34.6,labneh,produits laitiers,False,0529 105 91 0405
PLT TT CERISE ALL.,1,3.99,3.99,,,SAINT QUENTIN EN YVELINES,03/05/2025,18h24,34.6,cerise,fruits,False,0529 105 91 0405
MANGUE PIECE,1,1.99,1.99,,,SAINT QUENTIN EN YVELINES,03/05/2025,18h24,34.6,mangue,fruits,False,0529 105 91 0405
PIECE ANANAS EXTRA,1,1.59,1.59,,,SAINT QUENTIN EN YVELINES,03/05/2025,18h24,34.6,ananas,fruits,False,0529 105 91 0405
GERVAIS FRAIS NAT,1,2.69,2.69,,,SAINT QUENTIN EN YVELINES,22/04/2025,19h33,68.86,yaourt,produits laitiers,False,0529 17 83 0112
CAROTTE 1.5 KG FR,1,2.29,2.29,,,SAINT QUENTIN EN YVELINES,22/04/2025,19h33,68.86,carotte,légumes,False,0529 17 83 0112
1KG POELEE BRETONN,1,2.95,2.95,,,SAINT QUENTIN EN YVELINES,22/04/2025,19h33,68.86,poelee legumes,légumes,False,0529 17 83 0112
POIRE WILLIAM,1,1.26,1.26,0.324,3.89,SAINT QUENTIN EN YVELINES,22/04/2025,19h33,68.86,poire,fruits,False,0529 17 83 0112
250G CAMEMBERT RUS,1,2.39,2.39,,,SAINT QUENTIN EN YVELINES,22/04/2025,19h33,68.86,camembert,produits laitiers,False,0529 17 83 0112
600G HARICOT VERT,1,1.59,1.59,,,SAINT QUENTIN EN YVELINES,22/04/2025,19h33,68.86,haricot vert,légumes,False,0529 17 83 0112
900G COURGET.TOM.C,1,2.45,2.45,,,SAINT QUENTIN EN YVELINES,22/04/2025,19h33,68.86,courgette tomate,légumes,False,0529 17 83 0112
EVIAN 6X1.5L PET,1,3.78,3.78,,,SAINT QUENTIN EN YVELINES,22/04/2025,19h33,68.86,eau,boisson,False,0529 17 83 0112
BANANES,1,2.48,2.48,1.246,1.99,SAINT QUENTIN EN YVELINES,22/04/2025,19h33,68.86,banane,fruits,False,0529 17 83 0112
500G SON DAVOINE,1,2.79,2.79,,,SAINT QUENTIN EN YVELINES,22/04/2025,19h33,68.86,son d'avoine,céréales et féculents,False,0529 17 83 0112
CHOU VERT PIECE,1,1.99,1.99,,,SAINT QUENTIN EN YVELINES,22/04/2025,19h33,68.86,chou,légumes,False,0529 17 83 0112
POIREAU VRAC,1,2.88,2.88,1.447,1.99,SAINT QUENTIN EN YVELINES,22/04/2025,19h33,68.86,poireau,légumes,False,0529 17 83 0112
CUISSE PLT JNE LNA,1,3.3,3.3,0.418,7.89,SAINT QUENTIN EN YVELINES,22/04/2025,19h33,68.86,poulet,viande,False,0529 17 83 0112
KG COEUR VEAU TRX2,1,2.72,2.72,0.233,11.69,SAINT QUENTIN EN YVELINES,22/04/2025,19h33,68.86,veau,viande,False,0529 17 83 0112
KG FOIE VEAU TR X1,1,3.65,3.65,0.128,28.55,SAINT QUENTIN EN YVELINES,22/04/2025,19h33,68.86,foie veau,viande,False,0529 17 83 0112
CHOCO NR BIO NICAR,1,2.55,2.55,,,SAINT QUENTIN EN YVELINES,22/04/2025,19h33,68.86,chocolat noir,grinottage,True,0529 17 83 0112
CHOCO NR BIO NICAR,1,2.55,2.55,,,SAINT QUENTIN EN YVELINES,22/04/2025,19h33,68.86,chocolat noir,grinottage,True,0529 17 83 0112
350G SCE PROVENCAL,1,1.75,1.75,,,SAINT QUENTIN EN YVELINES,22/04/2025,19h33,68.86,sauce,condiments,False,0529 17 83 0112
MANGUE PIECE,2,1.99,3.98,,,SAINT QUENTIN EN YVELINES,22/04/2025,19h33,68.86,mangue,fruits,False,0529 17 83 0112
COURGETTE,1,4.1,4.1,2.06,1.99,SAINT QUENTIN EN YVELINES,22/04/2025,19h33,68.86,courgette,légumes,False,0529 17 83 0112
AUBERGINE VRAC,1,2.4,2.4,1.206,1.99,SAINT QUENTIN EN YVELINES,22/04/2025,19h33,68.86,aubergine,légumes,False,0529 17 83 0112
BIO CRF OIGNON JN,1,2.79,2.79,,,SAINT QUENTIN EN YVELINES,22/04/2025,19h33,68.86,oignon,légumes,True,0529 17 83 0112
BIO BQ KIWI 6FRT,1,3.89,3.89,,,SAINT QUENTIN EN YVELINES,22/04/2025,19h33,68.86,kiwi,fruits,True,0529 17 83 0112
BIO BQ KIWI 6FRT,1,3.89,3.89,,,SAINT QUENTIN EN YVELINES,22/04/2025,19h33,68.86,kiwi,fruits,True,0529 17 83 0112
TOMATE COTE RGE,1,2.35,2.35,0.786,2.99,SAINT QUENTIN EN YVELINES,22/04/2025,19h33,68.86,tomate,légumes,False,0529 17 83 0112
BAGUETTES BIO AUX,1,1.35,1.35,,,SAINT QUENTIN EN YVELINES,17/04/2025,14h24,8.41,pain,céréales et féculents,True,0529 100 133 0400
EMMENTAL SAVOIE P.,1,1.51,1.51,0.08,18.9,SAINT QUENTIN EN YVELINES,17/04/2025,14h24,8.41,fromage,produits laitiers,False,0529 100 133 0400
TOMATE CERISE MELA,1,1.26,1.26,0.21,5.99,SAINT QUENTIN EN YVELINES,17/04/2025,14h24,8.41,tomate cerise,légumes,False,0529 100 133 0400
JBON DD 2T FQC,1,2.99,2.99,,,SAINT QUENTIN EN YVELINES,17/04/2025,14h24,8.41,jambon,viande,False,0529 100 133 0400
PAIN CHOCOLAT PB 1,2,0.65,1.3,,,SAINT QUENTIN EN YVELINES,17/04/2025,14h24,8.41,viennoiserie,autres,False,0529 100 133 0400
825G MAXI TR CPLT,1,2.49,2.49,,,SAINT QUENTIN EN YVELINES,09/04/2025,19h10,99.95,croquettes chat,autres,False,0529 21 21 0172
900G COURGET.TOM.C,1,2.45,2.45,,,SAINT QUENTIN EN YVELINES,09/04/2025,19h10,99.95,courgette tomate,légumes,False,0529 21 21 0172
POIRE WILLIAM,1,1.8,1.8,0.463,3.89,SAINT QUENTIN EN YVELINES,09/04/2025,19h10,99.95,poire,fruits,False,0529 21 21 0172
1L NECTAR PRUNE,1,3.45,3.45,,,SAINT QUENTIN EN YVELINES,09/04/2025,19h10,99.95,jus de fruits,boisson,False,0529 21 21 0172
GORGONZOLA,1,3.29,3.29,0.184,17.9,SAINT QUENTIN EN YVELINES,09/04/2025,19h10,99.95,fromage,produits laitiers,False,0529 21 21 0172
12X60G NAT GERVAIS,1,2.49,2.49,,,SAINT QUENTIN EN YVELINES,09/04/2025,19h10,99.95,yaourt,produits laitiers,False,0529 21 21 0172
EMMENTAL GD CRU LR,1,6.15,6.15,0.366,16.8,SAINT QUENTIN EN YVELINES,09/04/2025,19h10,99.95,emmental,produits laitiers,False,0529 21 21 0172
225G BIO FOURRE CH,1,2.95,2.95,,,SAINT QUENTIN EN YVELINES,09/04/2025,19h10,99.95,biscuit,grinottage,True,0529 21 21 0172
225G BIO FOURRE CH,1,2.95,2.95,,,SAINT QUENTIN EN YVELINES,09/04/2025,19h10,99.95,biscuit,grinottage,True,0529 21 21 0172
MONSTER MUNCH BBQ,1,2.42,2.42,,,SAINT QUENTIN EN YVELINES,09/04/2025,19h10,99.95,snack,grinottage,False,0529 21 21 0172
350G SAUCE NAPOLIT,1,1.79,1.79,,,SAINT QUENTIN EN YVELINES,09/04/2025,19h10,99.95,sauce tomate,condiments,False,0529 21 21 0172
OY 400G SCE TMTE C,1,1.72,1.72,,,SAINT QUENTIN EN YVELINES,09/04/2025,19h10,99.95,sauce tomate,condiments,False,0529 21 21 0172
1.75L C.COLA ZERO,1,1.95,1.95,,,SAINT QUENTIN EN YVELINES,09/04/2025,19h10,99.95,soda,boisson,False,0529 21 21 0172
YAOURT CITRON VERT,1,1.99,1.99,,,SAINT QUENTIN EN YVELINES,09/04/2025,19h10,99.95,yaourt,produits laitiers,False,0529 21 21 0172
CAROTTE VRAC,1,3.7,3.7,2.868,1.29,SAINT QUENTIN EN YVELINES,09/04/2025,19h10,99.95,carotte,légumes,False,0529 21 21 0172
COURGETTE,1,2.15,2.15,2.172,0.99,SAINT QUENTIN EN YVELINES,09/04/2025,19h10,99.95,courgette,légumes,False,0529 21 21 0172
POIREAU VRAC,1,2.46,2.46,1.236,1.99,SAINT QUENTIN EN YVELINES,09/04/2025,19h10,99.95,poireau,légumes,False,0529 21 21 0172
CITRON VERT BIO,1,2.29,2.29,,,SAINT QUENTIN EN YVELINES,09/04/2025,19h10,99.95,citron vert,fruits,True,0529 21 21 0172
FEVER TREE GG BEER,1,5.99,5.99,,,SAINT QUENTIN EN YVELINES,09/04/2025,19h10,99.95,boisson,boisson,False,0529 21 21 0172
100G BIO CHOCOLAT,1,2.85,2.85,,,SAINT QUENTIN EN YVELINES,09/04/2025,19h10,99.95,chocolat,grinottage,True,0529 21 21 0172
BANANE CRF BIO,1,1.99,1.99,,,SAINT QUENTIN EN YVELINES,09/04/2025,19h10,99.95,banane,fruits,True,0529 21 21 0172
POMME PINK LADY,1,3.89,3.89,,,SAINT QUENTIN EN YVELINES,09/04/2025,19h10,99.95,pomme,fruits,False,0529 21 21 0172
100G TAB CHOC NR 8,1,2.55,2.55,,,SAINT QUENTIN EN YVELINES,09/04/2025,19h10,99.95,chocolat noir,grinottage,False,0529 21 21 0172
100G TAB CHOC NR 8,1,2.55,2.55,,,SAINT QUENTIN EN YVELINES,09/04/2025,19h10,99.95,chocolat noir,grinottage,False,0529 21 21 0172
TUBO BEST FIZZ,1,4.95,4.95,,,SAINT QUENTIN EN YVELINES,09/04/2025,19h10,99.95,confiserie,grinottage,False,0529 21 21 0172
ORANGE 1KG BIO,1,2.19,2.19,,,SAINT QUENTIN EN YVELINES,09/04/2025,19h10,99.95,orange,fruits,True,0529 21 21 0172
TOMATE CERISE MELA,1,1.45,1.45,0.242,5.99,SAINT QUENTIN EN YVELINES,09/04/2025,19h10,99.95,tomate cerise,légumes,False,0529 21 21 0172
AVOCAT PIECE,2,1.29,2.58,,,SAINT QUENTIN EN YVELINES,09/04/2025,19h10,99.95,avocat,légumes,False,0529 21 21 0172
PATATE DOUCE VRAC,1,1.94,1.94,0.695,2.79,SAINT QUENTIN EN YVELINES,09/04/2025,19h10,99.95,patate douce,légumes,False,0529 21 21 0172
BIO BQ KIWI 6FRT,1,3.89,3.89,,,SAINT QUENTIN EN YVELINES,09/04/2025,19h10,99.95,kiwi,fruits,True,0529 21 21 0172
PDT CONSO BIO 2KG,1,5.49,5.49,,,SAINT QUENTIN EN YVELINES,09/04/2025,19h10,99.95,pomme de terre,céréales et féculents,True,0529 21 21 0172
QUATR-Q PUR BEURRE,1,3.25,3.25,,,SAINT QUENTIN EN YVELINES,09/04/2025,19h10,99.95,biscuit,grinottage,False,0529 21 21 0172
X6 OEUFS GROS COQU,1,2.95,2.95,,,SAINT QUENTIN EN YVELINES,09/04/2025,19h10,99.95,oeuf,oeufs,False,0529 21 21 0172
X6 OEUFS GROS COQU,1,2.95,2.95,,,SAINT QUENTIN EN YVELINES,09/04/2025,19h10,99.95,oeuf,oeufs,False,0529 21 21 0172
6 OEUFS BIO LNA TC,1,3.39,3.39,,,SAINT QUENTIN EN YVELINES,05/04/2025,20h08,8.97,oeuf,oeufs,True,0529 104 159 0404
CUISSE PLT JNE X2,1,5.58,5.58,0.572,9.75,SAINT QUENTIN EN YVELINES,05/04/2025,20h08,8.97,poulet,viande,False,0529 104 159 0404
100G BIO CHOCOLAT,1,2.85,2.85,,,SAINT QUENTIN EN YVELINES,03/04/2025,20h24,26.41,chocolat,grinottage,True,0529 114 197 0414
100G TAB CHOC NR 8,1,2.55,2.55,,,SAINT QUENTIN EN YVELINES,03/04/2025,20h24,26.41,chocolat noir,grinottage,False,0529 114 197 0414
100G TAB CHOC NR 8,1,2.55,2.55,,,SAINT QUENTIN EN YVELINES,03/04/2025,20h24,26.41,chocolat noir,grinottage,False,0529 114 197 0414
100G TAB CHOC NR 8,1,2.55,2.55,,,SAINT QUENTIN EN YVELINES,03/04/2025,20h24,26.41,chocolat noir,grinottage,False,0529 114 197 0414
CHOCO NR BIO NICAR,1,2.55,2.55,,,SAINT QUENTIN EN YVELINES,03/04/2025,20h24,26.41,chocolat noir,grinottage,True,0529 114 197 0414
EMMENTAL GD CRU LR,1,5.64,5.64,0.336,16.8,SAINT QUENTIN EN YVELINES,03/04/2025,20h24,26.41,emmental,produits laitiers,False,0529 114 197 0414
4 FOIES DE LAPIN,1,5.36,5.36,0.316,16.95,SAINT QUENTIN EN YVELINES,03/04/2025,20h24,26.41,foie lapin,viande,False,0529 114 197 0414
KIWI VERT FQC,4,0.59,2.36,,,SAINT QUENTIN EN YVELINES,03/04/2025,20h24,26.41,kiwi,fruits,False,0529 114 197 0414
12X60G NAT GERVAIS,1,2.49,2.49,,,SAINT QUENTIN EN YVELINES,25/03/2025,16h25,129.53,yaourt,produits laitiers,False,0529 12 96 0114
12X60G NAT GERVAIS,1,2.49,2.49,,,SAINT QUENTIN EN YVELINES,25/03/2025,16h25,129.53,yaourt,produits laitiers,False,0529 12 96 0114
NOISETTE SECHE,1,3.92,3.92,0.654,5.99,SAINT QUENTIN EN YVELINES,25/03/2025,16h25,129.53,noisette,graines et noix,False,0529 12 96 0114
BIO CRF OIGNON JN,1,2.69,2.69,,,SAINT QUENTIN EN YVELINES,25/03/2025,16h25,129.53,oignon,légumes,True,0529 12 96 0114
PATATE DOUCE VRAC,1,5.6,5.6,2.814,1.99,SAINT QUENTIN EN YVELINES,25/03/2025,16h25,129.53,patate douce,légumes,False,0529 12 96 0114
MANGUE PIECE,2,1.99,3.98,,,SAINT QUENTIN EN YVELINES,25/03/2025,16h25,129.53,mangue,fruits,False,0529 12 96 0114
GORGON DOLCE AOP,1,3.5,3.5,,,SAINT QUENTIN EN YVELINES,25/03/2025,16h25,129.53,fromage,produits laitiers,False,0529 12 96 0114
1KG POELEE CHAMPET,1,3.15,3.15,,,SAINT QUENTIN EN YVELINES,25/03/2025,16h25,129.53,poelee legumes,légumes,False,0529 12 96 0114
BANANE CRF BIO,1,1.99,1.99,,,SAINT QUENTIN EN YVELINES,25/03/2025,16h25,129.53,banane,fruits,True,0529 12 96 0114
EMMENTAL SAVOIE P.,1,4.38,4.38,0.232,18.9,SAINT QUENTIN EN YVELINES,25/03/2025,16h25,129.53,fromage,produits laitiers,False,0529 12 96 0114
NOIX SECHE,1,4.8,4.8,0.801,5.99,SAINT QUENTIN EN YVELINES,25/03/2025,16h25,129.53,noix,graines et noix,False,0529 12 96 0114
CAROTTE VRAC,1,4.41,4.41,2.464,1.79,SAINT QUENTIN EN YVELINES,25/03/2025,16h25,129.53,carotte,légumes,False,0529 12 96 0114
BIO CRF KIWI FR,1,3.69,3.69,,,SAINT QUENTIN EN YVELINES,25/03/2025,16h25,129.53,kiwi,fruits,True,0529 12 96 0114
ARTICHAUT,1,1.29,1.29,,,SAINT QUENTIN EN YVELINES,25/03/2025,16h25,129.53,artichaut,légumes,False,0529 12 96 0114
ARTICHAUT,1,1.29,1.29,,,SAINT QUENTIN EN YVELINES,25/03/2025,16h25,129.53,artichaut,légumes,False,0529 12 96 0114
CHOU BLANC PIECE,1,2.19,2.19,,,SAINT QUENTIN EN YVELINES,25/03/2025,16h25,129.53,chou blanc,légumes,False,0529 12 96 0114
KG CHOUCROUTE CUIT,1,0.41,0.41,0.158,2.59,SAINT QUENTIN EN YVELINES,25/03/2025,16h25,129.53,choucroute,autres,False,0529 12 96 0114
POIREAU VRAC,1,2.37,2.37,1.191,1.99,SAINT QUENTIN EN YVELINES,25/03/2025,16h25,129.53,poireau,légumes,False,0529 12 96 0114
POMME PINK LADY KG,1,3.59,3.59,1.0,3.59,SAINT QUENTIN EN YVELINES,25/03/2025,16h25,129.53,pomme,fruits,False,0529 12 96 0114
CHOCO NR BIO NICAR,1,2.55,2.55,,,SAINT QUENTIN EN YVELINES,25/03/2025,16h25,129.53,chocolat noir,grinottage,True,0529 12 96 0114
CHOCO NR BIO NICAR,1,2.55,2.55,,,SAINT QUENTIN EN YVELINES,25/03/2025,16h25,129.53,chocolat noir,grinottage,True,0529 12 96 0114
750G BIO MUESLI SS,1,4.35,4.35,,,SAINT QUENTIN EN YVELINES,25/03/2025,16h25,129.53,muesli,céréales et féculents,True,0529 12 96 0114
COURGETTE,1,2.74,2.74,1.45,1.89,SAINT QUENTIN EN YVELINES,25/03/2025,16h25,129.53,courgette,légumes,False,0529 12 96 0114
225G BIO FOURRE CH,1,2.89,2.89,,,SAINT QUENTIN EN YVELINES,25/03/2025,16h25,129.53,biscuit,grinottage,True,0529 12 96 0114
225G BIO FOURRE CH,1,2.89,2.89,,,SAINT QUENTIN EN YVELINES,25/03/2025,16h25,129.53,biscuit,grinottage,True,0529 12 96 0114
75ML ANTI CARIE OR,1,4.85,4.85,,,SAINT QUENTIN EN YVELINES,25/03/2025,16h25,129.53,dentifrice,hygiene et entretien,False,0529 12 96 0114
75ML DENT ANTICAR+,1,6.35,6.35,,,SAINT QUENTIN EN YVELINES,25/03/2025,16h25,129.53,dentifrice,hygiene et entretien,False,0529 12 96 0114
VINAIGRE MAILLE,1,3.25,3.25,,,SAINT QUENTIN EN YVELINES,25/03/2025,16h25,129.53,vinaigre,condiments,False,0529 12 96 0114
MAND CRF BIO 1KG,1,3.99,3.99,,,SAINT QUENTIN EN YVELINES,25/03/2025,16h25,129.53,mandarine,fruits,True,0529 12 96 0114
NAVET ROND VIOLET,1,1.84,1.84,0.739,2.49,SAINT QUENTIN EN YVELINES,25/03/2025,16h25,129.53,navet,légumes,False,0529 12 96 0114
MUESLI VITAM.BIO,1,4.99,4.99,,,SAINT QUENTIN EN YVELINES,25/03/2025,16h25,129.53,muesli,céréales et féculents,True,0529 12 96 0114
ORANGE 1KG BIO,1,2.39,2.39,,,SAINT QUENTIN EN YVELINES,25/03/2025,16h25,129.53,orange,fruits,True,0529 12 96 0114
RIZ LONG COMPLET,1,1.61,1.61,0.555,2.9,SAINT QUENTIN EN YVELINES,25/03/2025,16h25,129.53,riz,céréales et féculents,False,0529 12 96 0114
POIVRON VERT,1,1.47,1.47,0.492,2.99,SAINT QUENTIN EN YVELINES,25/03/2025,16h25,129.53,poivron,légumes,False,0529 12 96 0114
AVOCAT PIECE,2,1.29,2.58,,,SAINT QUENTIN EN YVELINES,25/03/2025,16h25,129.53,avocat,légumes,False,0529 12 96 0114
SESAME COMPLET BIO,1,1.81,1.81,0.232,7.8,SAINT QUENTIN EN YVELINES,25/03/2025,16h25,129.53,sésame,graines et noix,True,0529 12 96 0114
PDT CONSO BIO 2KG,1,3.49,3.49,,,SAINT QUENTIN EN YVELINES,25/03/2025,16h25,129.53,pomme de terre,céréales et féculents,True,0529 12 96 0114
12 OEUFS PA LNA TC,1,3.69,3.69,,,SAINT QUENTIN EN YVELINES,25/03/2025,16h25,129.53,oeuf,oeufs,False,0529 12 96 0114
6X1L LAIT BIO 1/2E,1,7.08,7.08,,,SAINT QUENTIN EN YVELINES,25/03/2025,16h25,129.53,lait,produits laitiers,True,0529 12 96 0114
LENTILLES VERTES,1,7.41,7.41,1.256,5.9,SAINT QUENTIN EN YVELINES,25/03/2025,16h25,129.53,lentilles,céréales et féculents,False,0529 12 96 0114
MAND CRF BIO 1KG,1,3.99,3.99,,,SAINT QUENTIN EN YVELINES,18/02/2025,12h52,15.05,mandarine,fruits,True,0529 122 40 0422
6 OEUFS PA LNA TC,1,1.89,1.89,,,SAINT QUENTIN EN YVELINES,18/02/2025,12h52,15.05,oeuf,oeufs,False,0529 122 40 0422
CHOCO NR BIO NICAR,1,2.49,2.49,,,SAINT QUENTIN EN YVELINES,18/02/2025,12h52,15.05,chocolat noir,grinottage,True,0529 122 40 0422
CHOCO NR BIO NICAR,1,2.49,2.49,,,SAINT QUENTIN EN YVELINES,18/02/2025,12h52,15.05,chocolat noir,grinottage,True,0529 122 40 0422
BIO CRF KIWI FR,1,3.69,3.69,,,SAINT QUENTIN EN YVELINES,18/02/2025,12h52,15.05,kiwi,fruits,True,0529 122 40 0422
SAC KRAFT BLANC GR,1,0.5,0.5,,,SAINT QUENTIN EN YVELINES,18/02/2025,12h52,15.05,sac,autres,False,0529 122 40 0422
12X60G NAT GERVAIS,1,2.49,2.49,,,SAINT QUENTIN EN YVELINES,15/02/2025,15h48,6.18,yaourt,produits laitiers,False,0529 100 124 0400
BIO CRF KIWI FR,1,3.69,3.69,,,SAINT QUENTIN EN YVELINES,15/02/2025,15h48,6.18,kiwi,fruits,True,0529 100 124 0400
6 OEUFS BIO M/G OD,1,3.29,3.29,,,MARKET VOISINS-LE-BRETONNEUX,28/06/2025,16h24,18.67,oeuf,oeufs,True,7820 33 7687 0614
121G FOIE MORUE,1,2.69,2.69,,,MARKET VOISINS-LE-BRETONNEUX,28/06/2025,16h24,18.67,foie morue,poisson,False,7820 33 7687 0614
6 OEUFS BIO M/G OD,1,3.29,3.29,,,MARKET VOISINS-LE-BRETONNEUX,28/06/2025,16h24,18.67,oeuf,oeufs,True,7820 33 7687 0614
TOMATE RONDE PET,1,5.91,5.91,2.364,2.5,MARKET VOISINS-LE-BRETONNEUX,28/06/2025,16h24,18.67,tomate,légumes,False,7820 33 7687 0614
PECHE BLANCHE,1,1.5,1.5,0.502,2.99,MARKET VOISINS-LE-BRETONNEUX,28/06/2025,16h24,18.67,peche,poisson,False,7820 33 7687 0614
BANANE CRF BIO,1,1.99,1.99,,,MARKET VOISINS-LE-BRETONNEUX,28/06/2025,16h24,18.67,banane,fruits,True,7820 33 7687 0614
12X60G NAT GERVAIS,1,2.49,2.49,,,SAINT QUENTIN EN YVELINES,10/02/2025,13h49,6.18,yaourt,produits laitiers,False,0529 101 108 0401
BIO CRF KIWI FR,1,3.69,3.69,,,SAINT QUENTIN EN YVELINES,10/02/2025,13h49,6.18,kiwi,fruits,True,0529 101 108 0401
COULOMMIER RUSTIQU,1,3.75,3.75,,,SAINT QUENTIN EN YVELINES,29/01/2025,20h47,12.51,fromage,produits laitiers,False,0529 112 211 0412
1.5KG ORANGE SANG,1,3.99,3.99,,,SAINT QUENTIN EN YVELINES,29/01/2025,20h47,12.51,orange,fruits,False,0529 112 211 0412
SEL FIN IIODE,1,0.99,0.99,,,SAINT QUENTIN EN YVELINES,29/01/2025,20h47,12.51,sel,condiments,False,0529 112 211 0412
6 OEUFS PA LNA TC,1,1.89,1.89,,,SAINT QUENTIN EN YVELINES,29/01/2025,20h47,12.51,oeuf,oeufs,False,0529 112 211 0412
6 OEUFS PA LNA TC,1,1.89,1.89,,,SAINT QUENTIN EN YVELINES,29/01/2025,20h47,12.51,oeuf,oeufs,False,0529 112 211 0412
6 OEUFS PA LNA TC,1,1.89,1.89,,,SAINT QUENTIN EN YVELINES,24/01/2025,18h51,20.69,oeuf,oeufs,False,0529 112 212 0412
KG CHOUCROUTE CUIT,1,0.69,0.69,0.266,2.59,SAINT QUENTIN EN YVELINES,24/01/2025,18h51,20.69,choucroute,autres,False,0529 112 212 0412
BANANE CRF BIO,1,1.99,1.99,,,SAINT QUENTIN EN YVELINES,24/01/2025,18h51,20.69,banane,fruits,True,0529 112 212 0412
COURGETTE,1,3.69,3.69,1.234,2.99,SAINT QUENTIN EN YVELINES,24/01/2025,18h51,20.69,courgette,légumes,False,0529 112 212 0412
100G BIO CHOCOLAT,1,2.85,2.85,,,SAINT QUENTIN EN YVELINES,24/01/2025,18h51,20.69,chocolat,grinottage,True,0529 112 212 0412
EMMENTAL GD CRU LR,1,5.11,5.11,0.304,16.8,SAINT QUENTIN EN YVELINES,24/01/2025,18h51,20.69,emmental,produits laitiers,False,0529 112 212 0412
LENTILLES VERTES,1,4.47,4.47,0.758,5.9,SAINT QUENTIN EN YVELINES,24/01/2025,18h51,20.69,lentilles,céréales et féculents,False,0529 112 212 0412
2X18G BOULES INOX,1,1.25,1.25,,,SAINT QUENTIN EN YVELINES,18/01/2025,20h28,31.03,ustensile cuisine,autres,False,0529 110 161 0410
HANDYB 80%R LIEN U,1,2.75,2.75,,,SAINT QUENTIN EN YVELINES,18/01/2025,20h28,31.03,beurre,produits laitiers,False,0529 110 161 0410
BIO CRF KIWI FR,1,3.69,3.69,,,SAINT QUENTIN EN YVELINES,18/01/2025,20h28,31.03,kiwi,fruits,True,0529 110 161 0410
BIO CRF OIGNON JN,1,2.69,2.69,,,SAINT QUENTIN EN YVELINES,18/01/2025,20h28,31.03,oignon,légumes,True,0529 110 161 0410
MAND CRF BIO 1KG,1,3.99,3.99,,,SAINT QUENTIN EN YVELINES,18/01/2025,20h28,31.03,mandarine,fruits,True,0529 110 161 0410
ORANGE 1KG BIO,1,2.99,2.99,,,SAINT QUENTIN EN YVELINES,18/01/2025,20h28,31.03,orange,fruits,True,0529 110 161 0410
3LBIB IGP CARCA BL,1,9.99,9.99,,,SAINT QUENTIN EN YVELINES,18/01/2025,20h28,31.03,vin blanc,boisson,False,0529 110 161 0410
CAROTTE SABLE,1,3.68,3.68,2.314,1.59,SAINT QUENTIN EN YVELINES,18/01/2025,20h28,31.03,carotte,légumes,False,0529 110 161 0410
RASOIR JET SENSOR3,1,13.45,13.45,,,SAINT QUENTIN EN YVELINES,11/01/2025,19h49,13.45,rasoir,hygiene et entretien,False,0529 110 165 0410
CREME RAS MONSAVON,1,1.49,1.49,,,SAINT QUENTIN EN YVELINES,11/01/2025,18h48,11.36,crème à raser,hygiene et entretien,False,0529 18 171 0166
HUILE WD40 AEROSOL,1,4.69,4.69,,,SAINT QUENTIN EN YVELINES,11/01/2025,18h48,11.36,entretien voiture,autres,False,0529 18 171 0166
BIO CRF KIWI FR,1,3.59,3.59,,,SAINT QUENTIN EN YVELINES,11/01/2025,18h48,11.36,kiwi,fruits,True,0529 18 171 0166
X3 ESSUIE TOUT COM,1,1.59,1.59,,,SAINT QUENTIN EN YVELINES,11/01/2025,18h48,11.36,essuie tout,hygiene et entretien,False,0529 18 171 0166
POIREAU VRAC,1,1.27,1.27,0.638,1.99,SAINT QUENTIN EN YVELINES,06/01/2025,20h10,166.16,poireau,légumes,False,0529 22 228 0221
PIECE ANANAS EXTRA,1,1.99,1.99,,,SAINT QUENTIN EN YVELINES,06/01/2025,20h10,166.16,ananas,fruits,False,0529 22 228 0221
550G MAXI SSA JAC,1,1.85,1.85,,,SAINT QUENTIN EN YVELINES,06/01/2025,20h10,166.16,biscuit,grinottage,False,0529 22 228 0221
2X140G STRACCIATEL,1,2.05,2.05,,,SAINT QUENTIN EN YVELINES,06/01/2025,20h10,166.16,yaourt,produits laitiers,False,0529 22 228 0221
11G CORIANDRE FLOR,1,2.0,2.0,,,SAINT QUENTIN EN YVELINES,06/01/2025,20h10,166.16,coriandre,condiments,False,0529 22 228 0221
2X140G NOISETTE SI,1,2.05,2.05,,,SAINT QUENTIN EN YVELINES,06/01/2025,20h10,166.16,noisette,graines et noix,False,0529 22 228 0221
SIGGIS MANGUE PAS,1,2.05,2.05,,,SAINT QUENTIN EN YVELINES,06/01/2025,20h10,166.16,yaourt,produits laitiers,False,0529 22 228 0221
EMMENTAL GD CRU LR,1,1.98,1.98,0.166,11.9,SAINT QUENTIN EN YVELINES,06/01/2025,20h10,166.16,emmental,produits laitiers,False,0529 22 228 0221
EMMENTAL GD CRU LR,1,3.12,3.12,0.262,11.9,SAINT QUENTIN EN YVELINES,06/01/2025,20h10,166.16,emmental,produits laitiers,False,0529 22 228 0221
POIRE WILLIAM,1,2.43,2.43,0.641,3.79,SAINT QUENTIN EN YVELINES,06/01/2025,20h10,166.16,poire,fruits,False,0529 22 228 0221
FENOUIL,1,2.68,2.68,0.896,2.99,SAINT QUENTIN EN YVELINES,06/01/2025,20h10,166.16,fenouil,légumes,False,0529 22 228 0221
BANANE CRF BIO,1,1.99,1.99,,,SAINT QUENTIN EN YVELINES,06/01/2025,20h10,166.16,banane,fruits,True,0529 22 228 0221
NOIX SECHE,1,3.82,3.82,0.638,5.99,SAINT QUENTIN EN YVELINES,06/01/2025,20h10,166.16,noix,graines et noix,False,0529 22 228 0221
PCE POTIMARRON FR,1,2.69,2.69,,,SAINT QUENTIN EN YVELINES,06/01/2025,20h10,166.16,potimarron,légumes,False,0529 22 228 0221
CHOU FLEUR PIECE,1,2.49,2.49,,,SAINT QUENTIN EN YVELINES,06/01/2025,20h10,166.16,chou fleur,légumes,False,0529 22 228 0221
2L BIO HLE OLIVE E,1,25.95,25.95,,,SAINT QUENTIN EN YVELINES,06/01/2025,20h10,166.16,huile d'olive,condiments,True,0529 22 228 0221
PATATE DOUCE VRAC,1,3.73,3.73,1.498,2.49,SAINT QUENTIN EN YVELINES,06/01/2025,20h10,166.16,patate douce,légumes,False,0529 22 228 0221
4 FOIES DE LAPIN,1,3.83,3.83,0.226,16.95,SAINT QUENTIN EN YVELINES,06/01/2025,20h10,166.16,foie lapin,viande,False,0529 22 228 0221
75ML SENS BLAN DOU,1,4.85,4.85,,,SAINT QUENTIN EN YVELINES,06/01/2025,20h10,166.16,dentifrice,hygiene et entretien,False,0529 22 228 0221
MUESLI VITAM.BIO,1,4.99,4.99,,,SAINT QUENTIN EN YVELINES,06/01/2025,20h10,166.16,muesli,céréales et féculents,True,0529 22 228 0221
MUESLI VITAM.BIO,1,4.99,4.99,,,SAINT QUENTIN EN YVELINES,06/01/2025,20h10,166.16,muesli,céréales et féculents,True,0529 22 228 0221
MUESLI VITAM.BIO,1,4.99,4.99,,,SAINT QUENTIN EN YVELINES,06/01/2025,20h10,166.16,muesli,céréales et féculents,True,0529 22 228 0221
AVOCAT PIECE,2,1.39,2.78,,,SAINT QUENTIN EN YVELINES,06/01/2025,20h10,166.16,avocat,légumes,False,0529 22 228 0221
KG ATTIEKE,1,3.52,3.52,0.504,6.99,SAINT QUENTIN EN YVELINES,06/01/2025,20h10,166.16,attieke,céréales et féculents,False,0529 22 228 0221
BIO COURGETTE CEE,1,3.69,3.69,,,SAINT QUENTIN EN YVELINES,06/01/2025,20h10,166.16,courgette,légumes,True,0529 22 228 0221
ELMEX BAD SENSITIV,1,3.89,3.89,,,SAINT QUENTIN EN YVELINES,06/01/2025,20h10,166.16,dentifrice,hygiene et entretien,False,0529 22 228 0221
GERBLE SABLE AM.,1,2.29,2.29,,,SAINT QUENTIN EN YVELINES,06/01/2025,20h10,166.16,biscuit,grinottage,False,0529 22 228 0221
225G BIO X2+1OFR F,1,5.78,5.78,,,SAINT QUENTIN EN YVELINES,06/01/2025,20h10,166.16,yaourt,produits laitiers,True,0529 22 228 0221
225G BIO X2+1OFR F,1,5.78,5.78,,,SAINT QUENTIN EN YVELINES,06/01/2025,20h10,166.16,yaourt,produits laitiers,True,0529 22 228 0221
BIO CRF OIGNON JN,1,2.79,2.79,,,SAINT QUENTIN EN YVELINES,06/01/2025,20h10,166.16,oignon,légumes,True,0529 22 228 0221
400ML BDB SENSITIV,1,4.49,4.49,,,SAINT QUENTIN EN YVELINES,06/01/2025,20h10,166.16,gel douche,hygiene et entretien,False,0529 22 228 0221
720ML P.CHICHE NAT,1,2.79,2.79,,,SAINT QUENTIN EN YVELINES,06/01/2025,20h10,166.16,pois chiche,céréales et féculents,False,0529 22 228 0221
720ML P.CHICHE NAT,1,2.79,2.79,,,SAINT QUENTIN EN YVELINES,06/01/2025,20h10,166.16,pois chiche,céréales et féculents,False,0529 22 228 0221
KETCHUP HEINZ,1,2.65,2.65,,,SAINT QUENTIN EN YVELINES,06/01/2025,20h10,166.16,ketchup,condiments,False,0529 22 228 0221
CAROTTE FQC VRAC,1,3.33,3.33,2.235,1.49,SAINT QUENTIN EN YVELINES,06/01/2025,20h10,166.16,carotte,légumes,False,0529 22 228 0221
LT 1/2E.BIO CRF X6,1,5.4,5.4,,,SAINT QUENTIN EN YVELINES,06/01/2025,20h10,166.16,lait,produits laitiers,True,0529 22 228 0221
BIO POMME GRANNY,1,2.99,2.99,,,SAINT QUENTIN EN YVELINES,06/01/2025,20h10,166.16,pomme,fruits,True,0529 22 228 0221
CRFBIO PDT VAP 1.5,1,2.99,2.99,,,SAINT QUENTIN EN YVELINES,06/01/2025,20h10,166.16,pomme de terre,céréales et féculents,True,0529 22 228 0221
POIVRON DOUX BIO,1,1.5,1.5,,,SAINT QUENTIN EN YVELINES,06/01/2025,20h10,166.16,poivron,légumes,True,0529 22 228 0221
100G CHOC NR 85%,1,2.39,2.39,,,SAINT QUENTIN EN YVELINES,06/01/2025,20h10,166.16,chocolat noir,grinottage,False,0529 22 228 0221
100G CHOC NR 85%,1,2.39,2.39,,,SAINT QUENTIN EN YVELINES,06/01/2025,20h10,166.16,chocolat noir,grinottage,False,0529 22 228 0221
100G CHOC NR 85%,1,2.39,2.39,,,SAINT QUENTIN EN YVELINES,06/01/2025,20h10,166.16,chocolat noir,grinottage,False,0529 22 228 0221
100G CHOC CAJOU CA,1,2.49,2.49,,,SAINT QUENTIN EN YVELINES,06/01/2025,20h10,166.16,chocolat,grinottage,False,0529 22 228 0221
100G CHOCO COCO PA,1,2.49,2.49,,,SAINT QUENTIN EN YVELINES,06/01/2025,20h10,166.16,chocolat,grinottage,False,0529 22 228 0221
100G BIO CHOC.NR E,1,2.45,2.45,,,SAINT QUENTIN EN YVELINES,06/01/2025,20h10,166.16,chocolat noir,grinottage,True,0529 22 228 0221
100G BIO CHOC.NR E,1,2.45,2.45,,,SAINT QUENTIN EN YVELINES,06/01/2025,20h10,166.16,chocolat noir,grinottage,True,0529 22 228 0221
100G BIO CHOCO.NR,1,2.69,2.69,,,SAINT QUENTIN EN YVELINES,06/01/2025,20h10,166.16,chocolat noir,grinottage,True,0529 22 228 0221
CHOCO LT 53% EQUAT,1,3.19,3.19,,,SAINT QUENTIN EN YVELINES,06/01/2025,20h10,166.16,chocolat noir,grinottage,False,0529 22 228 0221
GERBLE EPEAUTRE,1,2.29,2.29,,,SAINT QUENTIN EN YVELINES,06/01/2025,20h10,166.16,biscuit,grinottage,False,0529 22 228 0221
GERBLE SABLE SESAM,1,2.29,2.29,,,SAINT QUENTIN EN YVELINES,06/01/2025,20h10,166.16,biscuit,grinottage,False,0529 22 228 0221
6 OEUFS PA LNA TC,1,1.89,1.89,,,SAINT QUENTIN EN YVELINES,06/01/2025,20h10,166.16,oeuf,oeufs,False,0529 22 228 0221
6 OEUFS PA LNA TC,1,1.89,1.89,,,SAINT QUENTIN EN YVELINES,06/01/2025,20h10,166.16,oeuf,oeufs,False,0529 22 228 0221
F GUICHES X4 ARGEN,1,5.39,5.39,,,SAINT QUENTIN EN YVELINES,16/12/2024,19h29,5.39,quiche,produits laitiers,False,0529 106 124 0406
EMMENTAL GD CRU LR,1,3.81,3.81,0.32,11.9,SAINT QUENTIN EN YVELINES,14/12/2024,17h46,34.59,emmental,produits laitiers,False,0529 104 104 0404
PATATE DOUCE VRAC,1,4.13,4.13,1.659,2.49,SAINT QUENTIN EN YVELINES,14/12/2024,17h46,34.59,patate douce,légumes,False,0529 104 104 0404
8M PAPIER CUISSON,1,2.49,2.49,,,SAINT QUENTIN EN YVELINES,14/12/2024,17h46,34.59,papier cuisson,hygiene et entretien,False,0529 104 104 0404
100G CHOC NR 85%,1,2.39,2.39,,,SAINT QUENTIN EN YVELINES,14/12/2024,17h46,34.59,chocolat noir,grinottage,False,0529 104 104 0404
100G CHOC NR 85%,1,2.39,2.39,,,SAINT QUENTIN EN YVELINES,14/12/2024,17h46,34.59,chocolat noir,grinottage,False,0529 104 104 0404
BIO KIWI BQ 4FRT,1,3.59,3.59,,,SAINT QUENTIN EN YVELINES,14/12/2024,17h46,34.59,kiwi,fruits,True,0529 104 104 0404
PHILADELPHIA NATUR,1,3.59,3.59,,,SAINT QUENTIN EN YVELINES,14/12/2024,17h46,34.59,fromage frais tartinable,produits laitiers,False,0529 104 104 0404
PHILADELPHIA NATUR,1,3.59,3.59,,,SAINT QUENTIN EN YVELINES,14/12/2024,17h46,34.59,fromage frais tartinable,produits laitiers,False,0529 104 104 0404
BIO CURCUMA SCHT,1,1.99,1.99,,,SAINT QUENTIN EN YVELINES,14/12/2024,17h46,34.59,curcuma,condiments,True,0529 104 104 0404
GINGEMBRE BIO,1,1.99,1.99,,,SAINT QUENTIN EN YVELINES,14/12/2024,17h46,34.59,gingembre,condiments,True,0529 104 104 0404
6 OEUFS PA LNA TC,1,1.89,1.89,,,SAINT QUENTIN EN YVELINES,14/12/2024,17h46,34.59,oeuf,oeufs,False,0529 104 104 0404
190G CREME YOPLAIT,1,0.99,0.99,,,SAINT QUENTIN EN YVELINES,14/12/2024,17h46,34.59,yaourt,produits laitiers,False,0529 104 104 0404
2X125G SPECULOOS,1,1.75,1.75,,,SAINT QUENTIN EN YVELINES,14/12/2024,17h46,34.59,speculoos,grinottage,False,0529 104 104 0404
2X125G SPECULOOS,1,1.75,1.75,,,SAINT QUENTIN EN YVELINES,02/12/2024,18h59,47.24,speculoos,grinottage,False,0529 10 128 0225
LT 1/2E.BIO CRF X6,1,5.4,5.4,,,SAINT QUENTIN EN YVELINES,02/12/2024,18h59,47.24,lait,produits laitiers,True,0529 10 128 0225
2X125G PALETS BRET,1,1.79,1.79,,,SAINT QUENTIN EN YVELINES,02/12/2024,18h59,47.24,biscuit,grinottage,False,0529 10 128 0225
HARICOTS ROUGES B.,1,5.17,5.17,0.834,6.2,SAINT QUENTIN EN YVELINES,02/12/2024,18h59,47.24,haricots rouges,légumes,False,0529 10 128 0225
12X60G NAT GERVAIS,1,2.49,2.49,,,SAINT QUENTIN EN YVELINES,02/12/2024,18h59,47.24,yaourt,produits laitiers,False,0529 10 128 0225
PHILADELPHIA NATUR,3,3.59,10.77,,,SAINT QUENTIN EN YVELINES,02/12/2024,18h59,47.24,fromage frais tartinable,produits laitiers,False,0529 10 128 0225
MANGUE PIECE,1,1.99,1.99,,,SAINT QUENTIN EN YVELINES,02/12/2024,18h59,47.24,mangue,fruits,False,0529 10 128 0225
100G CHOC NR 85%,1,2.39,2.39,,,SAINT QUENTIN EN YVELINES,02/12/2024,18h59,47.24,chocolat noir,grinottage,False,0529 10 128 0225
BIO KIWI BQ 4FRT,1,3.59,3.59,,,SAINT QUENTIN EN YVELINES,02/12/2024,18h59,47.24,kiwi,fruits,True,0529 10 128 0225
6 OEUFS PA LNA TC,1,1.89,1.89,,,SAINT QUENTIN EN YVELINES,02/12/2024,18h59,47.24,oeuf,oeufs,False,0529 10 128 0225
100G PUREE PIMENT,1,1.55,1.55,,,SAINT QUENTIN EN YVELINES,02/12/2024,18h59,47.24,puree de piment,condiments,False,0529 10 128 0225
250G RLX DX E.V,1,3.19,3.19,,,SAINT QUENTIN EN YVELINES,02/12/2024,18h59,47.24,fromage râpé,produits laitiers,False,0529 10 128 0225
190G CREME YOPLAIT,1,0.99,0.99,,,SAINT QUENTIN EN YVELINES,02/12/2024,18h59,47.24,yaourt,produits laitiers,False,0529 10 128 0225
CHOU VERT PIECE,1,1.99,1.99,,,SAINT QUENTIN EN YVELINES,02/12/2024,18h59,47.24,chou,légumes,False,0529 10 128 0225
VERIT.PETIT BEURRE,1,2.29,2.29,,,SAINT QUENTIN EN YVELINES,02/12/2024,18h59,47.24,biscuit,grinottage,False,0529 10 128 0225
BIO OIGNON 1KG CEE,1,2.79,2.79,,,SAINT QUENTIN EN YVELINES,23/06/2025,20h26,11.07,oignon,légumes,True,0529 103 171 0403
120G CHIPS STR NAA,1,1.49,1.49,,,SAINT QUENTIN EN YVELINES,23/06/2025,20h26,11.07,chips,grinottage,False,0529 103 171 0403
BQ TOM C MELANGEE,1,3.0,3.0,,,SAINT QUENTIN EN YVELINES,23/06/2025,20h26,11.07,tomate,légumes,False,0529 103 171 0403
250ML ISN CLEAR TR,1,3.79,3.79,,,SAINT QUENTIN EN YVELINES,23/06/2025,20h26,11.07,shampooing,hygiene et entretien,False,0529 103 171 0403
4 FOIES DE LAPIN,1,4.12,4.12,0.243,16.95,SAINT QUENTIN EN YVELINES,30/11/2024,20h17,11.69,foie lapin,viande,False,0529 112 190 0412
EMMENTAL GD CRU LR,1,6.08,6.08,0.362,16.8,SAINT QUENTIN EN YVELINES,30/11/2024,20h17,11.69,emmental,produits laitiers,False,0529 112 190 0412
MANGUE PIECE,1,1.49,1.49,,,SAINT QUENTIN EN YVELINES,30/11/2024,20h17,11.69,mangue,fruits,False,0529 112 190 0412
NAVET ROND VIOLET,1,2.28,2.28,0.996,2.29,SAINT QUENTIN EN YVELINES,26/11/2024,19h27,57.89,navet,légumes,False,0529 30 181 0142
PILES DURA 9V X1,1,5.45,5.45,,,SAINT QUENTIN EN YVELINES,26/11/2024,19h27,57.89,pile,autres,False,0529 30 181 0142
CHOUCROUTE CUIS AU,1,0.67,0.67,0.268,2.5,SAINT QUENTIN EN YVELINES,26/11/2024,19h27,57.89,choucroute,autres,False,0529 30 181 0142
6 OEUFS PA LNA TC,1,1.89,1.89,,,SAINT QUENTIN EN YVELINES,26/11/2024,19h27,57.89,oeuf,oeufs,False,0529 30 181 0142
EMMENTAL SAVOIE P.,1,5.33,5.33,0.282,18.9,SAINT QUENTIN EN YVELINES,26/11/2024,19h27,57.89,fromage,produits laitiers,False,0529 30 181 0142
KLX ORIGINAL ETUIS,1,4.18,4.18,,,SAINT QUENTIN EN YVELINES,26/11/2024,19h27,57.89,mouchoirs,hygiene et entretien,False,0529 30 181 0142
BISC.SESAME BJORG,1,1.99,1.99,,,SAINT QUENTIN EN YVELINES,26/11/2024,19h27,57.89,biscuit,grinottage,False,0529 30 181 0142
100G CHOC NR 85%,1,2.39,2.39,,,SAINT QUENTIN EN YVELINES,26/11/2024,19h27,57.89,chocolat noir,grinottage,False,0529 30 181 0142
100G CHOC NR 85%,1,2.39,2.39,,,SAINT QUENTIN EN YVELINES,26/11/2024,19h27,57.89,chocolat noir,grinottage,False,0529 30 181 0142
BISC.SESAME BJORG,1,1.99,1.99,,,SAINT QUENTIN EN YVELINES,26/11/2024,19h27,57.89,biscuit,grinottage,False,0529 30 181 0142
MELANGE MEXICAIN 6,1,3.15,3.15,,,SAINT QUENTIN EN YVELINES,26/11/2024,19h27,57.89,melange legumes,légumes,False,0529 30 181 0142
CORIANDRE FRANCE,1,1.75,1.75,,,SAINT QUENTIN EN YVELINES,26/11/2024,19h27,57.89,coriandre,condiments,False,0529 30 181 0142
75ML DENT BLCHR.PL,1,1.85,1.85,,,SAINT QUENTIN EN YVELINES,26/11/2024,19h27,57.89,dentifrice,hygiene et entretien,False,0529 30 181 0142
40G MELANGE CHILI,1,3.39,3.39,,,SAINT QUENTIN EN YVELINES,26/11/2024,19h27,57.89,epices,condiments,False,0529 30 181 0142
POIVRON DOUX BIO,1,1.5,1.5,,,SAINT QUENTIN EN YVELINES,26/11/2024,19h27,57.89,poivron,légumes,True,0529 30 181 0142
6 OEUFS PA LNA TC,1,1.89,1.89,,,SAINT QUENTIN EN YVELINES,26/11/2024,19h27,57.89,oeuf,oeufs,False,0529 30 181 0142
MANGUE PIECE,2,1.49,2.98,,,SAINT QUENTIN EN YVELINES,26/11/2024,19h27,57.89,mangue,fruits,False,0529 30 181 0142
PCE BUTTERNUT FR,1,1.99,1.99,,,SAINT QUENTIN EN YVELINES,26/11/2024,19h27,57.89,butternut,légumes,False,0529 30 181 0142
SAUCE TOMATE OIGNO,1,2.15,2.15,,,SAINT QUENTIN EN YVELINES,26/11/2024,19h27,57.89,sauce tomate,condiments,False,0529 30 181 0142
12X60G NAT GERVAIS,1,2.49,2.49,,,SAINT QUENTIN EN YVELINES,26/11/2024,19h27,57.89,yaourt,produits laitiers,False,0529 30 181 0142
BQ 4FRT POIRE MAP,1,3.49,3.49,,,SAINT QUENTIN EN YVELINES,26/11/2024,19h27,57.89,poire,fruits,False,0529 30 181 0142
BIO POMME GRANNY,1,2.99,2.99,,,SAINT QUENTIN EN YVELINES,26/11/2024,19h27,57.89,pomme,fruits,True,0529 30 181 0142
SAUCE SRIRACHA HOT,1,3.59,3.59,,,SAINT QUENTIN EN YVELINES,26/11/2024,19h27,57.89,sauce piquante,condiments,False,0529 30 181 0142
75ML DENT BLCHR.PL,1,1.85,1.85,,,SAINT QUENTIN EN YVELINES,26/11/2024,19h27,57.89,dentifrice,hygiene et entretien,False,0529 30 181 0142
CAROTTE SABLE,1,2.27,2.27,1.141,1.99,SAINT QUENTIN EN YVELINES,26/11/2024,19h27,57.89,carotte,légumes,False,0529 30 181 0142
Coupon Rem Caisse,1,0.0,0.0,,,SAINT QUENTIN EN YVELINES,26/11/2024,19h27,57.89,remise,autres,False,0529 30 181 0142
LEDFLAM 25W B35 >Z,1,7.79,7.79,,,SAINT QUENTIN EN YVELINES,20/11/2024,19h02,23.18,ampoule,autres,False,0529 122 165 0422
EMMENTAL SAVOIE P.,1,5.41,5.41,0.286,18.9,SAINT QUENTIN EN YVELINES,20/11/2024,19h02,23.18,fromage,produits laitiers,False,0529 122 165 0422
100G CHOC NR 85%,1,2.39,2.39,,,SAINT QUENTIN EN YVELINES,20/11/2024,19h02,23.18,chocolat noir,grinottage,False,0529 122 165 0422
100G CHOC NR 85%,1,2.39,2.39,,,SAINT QUENTIN EN YVELINES,20/11/2024,19h02,23.18,chocolat noir,grinottage,False,0529 122 165 0422
SESAME COMPLET BIO,1,2.67,2.67,0.342,7.8,SAINT QUENTIN EN YVELINES,20/11/2024,19h02,23.18,sésame,graines et noix,True,0529 122 165 0422
NAVET ROND VIOLET,1,2.53,2.53,1.105,2.29,SAINT QUENTIN EN YVELINES,20/11/2024,19h02,23.18,navet,légumes,False,0529 122 165 0422
KG CHOUCROUTE CUIT,1,0.7,0.7,0.27,2.59,SAINT QUENTIN EN YVELINES,18/11/2024,18h15,5.95,choucroute,autres,False,0529 104 134 0404
EMMENTAL GD CRU LR,1,3.86,3.86,0.324,11.9,SAINT QUENTIN EN YVELINES,18/11/2024,18h15,5.95,emmental,produits laitiers,False,0529 104 134 0404
AVOCAT PIECE,1,1.39,1.39,,,SAINT QUENTIN EN YVELINES,18/11/2024,18h15,5.95,avocat,légumes,False,0529 104 134 0404
12X60G NAT GERVAIS,1,2.49,2.49,,,SAINT QUENTIN EN YVELINES,13/11/2024,19h43,80.36,yaourt,produits laitiers,False,0529 17 118 0229
BISC.SESAME BJORG,1,1.99,1.99,,,SAINT QUENTIN EN YVELINES,13/11/2024,19h43,80.36,biscuit,grinottage,False,0529 17 118 0229
BISC.SESAME BJORG,1,1.99,1.99,,,SAINT QUENTIN EN YVELINES,13/11/2024,19h43,80.36,biscuit,grinottage,False,0529 17 118 0229
MUESLI VITAM.BIO,1,4.99,4.99,,,SAINT QUENTIN EN YVELINES,13/11/2024,19h43,80.36,muesli,céréales et féculents,True,0529 17 118 0229
100G CHOC NR 85%,1,2.39,2.39,,,SAINT QUENTIN EN YVELINES,13/11/2024,19h43,80.36,chocolat noir,grinottage,False,0529 17 118 0229
100G CHOCO COCO PA,1,2.49,2.49,,,SAINT QUENTIN EN YVELINES,13/11/2024,19h43,80.36,chocolat,grinottage,False,0529 17 118 0229
100G CHOC NR 78% G,1,2.99,2.99,,,SAINT QUENTIN EN YVELINES,13/11/2024,19h43,80.36,chocolat noir,grinottage,False,0529 17 118 0229
BISC.SESAME BJORG,1,1.99,1.99,,,SAINT QUENTIN EN YVELINES,13/11/2024,19h43,80.36,biscuit,grinottage,False,0529 17 118 0229
MUESLI VITAM.BIO,1,4.99,4.99,,,SAINT QUENTIN EN YVELINES,13/11/2024,19h43,80.36,muesli,céréales et féculents,True,0529 17 118 0229
FLT 3 TET AIL BIO,1,2.99,2.99,,,SAINT QUENTIN EN YVELINES,13/11/2024,19h43,80.36,ail,légumes,True,0529 17 118 0229
BANANE CRF BIO,1,1.99,1.99,,,SAINT QUENTIN EN YVELINES,13/11/2024,19h43,80.36,banane,fruits,True,0529 17 118 0229
EMMENTAL GD CRU LR,1,3.74,3.74,0.314,11.9,SAINT QUENTIN EN YVELINES,13/11/2024,19h43,80.36,emmental,produits laitiers,False,0529 17 118 0229
4 FOIES DE LAPIN,1,5.42,5.42,0.32,16.95,SAINT QUENTIN EN YVELINES,13/11/2024,19h43,80.36,foie lapin,viande,False,0529 17 118 0229
BIO POIVRON DOUX 2,1,1.5,1.5,,,SAINT QUENTIN EN YVELINES,13/11/2024,19h43,80.36,poivron,légumes,True,0529 17 118 0229
BIO KIWI BQ 4FRT,1,3.59,3.59,,,SAINT QUENTIN EN YVELINES,13/11/2024,19h43,80.36,kiwi,fruits,True,0529 17 118 0229
BIO KIWI BQ 4FRT,1,3.59,3.59,,,SAINT QUENTIN EN YVELINES,13/11/2024,19h43,80.36,kiwi,fruits,True,0529 17 118 0229
CHOU FLEUR PIECE,1,1.29,1.29,,,SAINT QUENTIN EN YVELINES,13/11/2024,19h43,80.36,chou fleur,légumes,False,0529 17 118 0229
POIRE WILLIAM,1,1.17,1.17,0.654,1.79,SAINT QUENTIN EN YVELINES,13/11/2024,19h43,80.36,poire,fruits,False,0529 17 118 0229
PIECE ANANAS EXTRA,1,1.49,1.49,,,SAINT QUENTIN EN YVELINES,13/11/2024,19h43,80.36,ananas,fruits,False,0529 17 118 0229
BIO CRF BUTTERNUT,1,2.29,2.29,,,SAINT QUENTIN EN YVELINES,13/11/2024,19h43,80.36,butternut,légumes,True,0529 17 118 0229
TUBE 70 G HARISSA,1,0.65,0.65,,,SAINT QUENTIN EN YVELINES,13/11/2024,19h43,80.36,harissa,condiments,False,0529 17 118 0229
LENTILLES VERTES,1,8.19,8.19,1.388,5.9,SAINT QUENTIN EN YVELINES,13/11/2024,19h43,80.36,lentilles,céréales et féculents,False,0529 17 118 0229
RIZ LONG COMPLET,1,1.83,1.83,0.631,2.9,SAINT QUENTIN EN YVELINES,13/11/2024,19h43,80.36,riz,céréales et féculents,False,0529 17 118 0229
BIO CRF OIGNON JN,1,2.69,2.69,,,SAINT QUENTIN EN YVELINES,13/11/2024,19h43,80.36,oignon,légumes,True,0529 17 118 0229
CAROTTE SABLE,1,3.01,3.01,1.513,1.99,SAINT QUENTIN EN YVELINES,13/11/2024,19h43,80.36,carotte,légumes,False,0529 17 118 0229
FILET 1KG TOMATE,1,1.99,1.99,,,SAINT QUENTIN EN YVELINES,13/11/2024,19h43,80.36,tomate,légumes,False,0529 17 118 0229
COURGETTE,1,2.85,2.85,1.432,1.99,SAINT QUENTIN EN YVELINES,13/11/2024,19h43,80.36,courgette,légumes,False,0529 17 118 0229
EVIAN 6X1.5L PET,1,3.78,3.78,,,SAINT QUENTIN EN YVELINES,13/11/2024,19h43,80.36,eau,boisson,False,0529 17 118 0229
BANANE CRF BIO,1,1.99,1.99,,,SAINT QUENTIN EN YVELINES,06/11/2024,18h19,4.08,banane,fruits,True,0529 105 136 0405
2X125G YT FRAIS BM,1,2.09,2.09,,,SAINT QUENTIN EN YVELINES,06/11/2024,18h19,4.08,yaourt,produits laitiers,False,0529 105 136 0405
POIREAU BIO CRF,1,3.99,3.99,,,SAINT QUENTIN EN YVELINES,16/10/2024,18h35,25.45,poireau,légumes,True,0529 115 219 0415
BANANE CRF BIO,1,1.99,1.99,,,SAINT QUENTIN EN YVELINES,16/10/2024,18h35,25.45,banane,fruits,True,0529 115 219 0415
BIO POMME GRANNY,1,2.99,2.99,,,SAINT QUENTIN EN YVELINES,16/10/2024,18h35,25.45,pomme,fruits,True,0529 115 219 0415
100G TAB CHOC NR 8,1,2.39,2.39,,,SAINT QUENTIN EN YVELINES,16/10/2024,18h35,25.45,chocolat noir,grinottage,False,0529 115 219 0415
NAVET MARTEAU KG,1,1.46,1.46,0.638,2.29,SAINT QUENTIN EN YVELINES,16/10/2024,18h35,25.45,navet,légumes,False,0529 115 219 0415
CHOU VERT PIECE,1,1.99,1.99,,,SAINT QUENTIN EN YVELINES,16/10/2024,18h35,25.45,chou,légumes,False,0529 115 219 0415
CAROTTE SABLE,1,2.23,2.23,1.018,2.19,SAINT QUENTIN EN YVELINES,16/10/2024,18h35,25.45,carotte,légumes,False,0529 115 219 0415
NAVET ROND VIOLET,1,1.62,1.62,0.707,2.29,SAINT QUENTIN EN YVELINES,16/10/2024,18h35,25.45,navet,légumes,False,0529 115 219 0415
COURGETTE,1,3.2,3.2,1.397,2.29,SAINT QUENTIN EN YVELINES,16/10/2024,18h35,25.45,courgette,légumes,False,0529 115 219 0415
BIO KIWI BQ 4FRT,1,3.59,3.59,,,SAINT QUENTIN EN YVELINES,16/10/2024,18h35,25.45,kiwi,fruits,True,0529 115 219 0415
250G CAMEMBERT RUS,1,2.35,2.35,,,SAINT QUENTIN EN YVELINES,09/10/2024,19h52,185.51,camembert,produits laitiers,False,0529 11 65 0224
GERVAIS FRAIS NAT,1,2.69,2.69,,,SAINT QUENTIN EN YVELINES,09/10/2024,19h52,185.51,yaourt,produits laitiers,False,0529 11 65 0224
LT 1/2E.BIO CRF X6,1,5.4,5.4,,,SAINT QUENTIN EN YVELINES,09/10/2024,19h52,185.51,lait,produits laitiers,True,0529 11 65 0224
2X1L ALVALLE GAZPA,1,7.29,7.29,,,SAINT QUENTIN EN YVELINES,09/10/2024,19h52,185.51,soupe froide,autres,False,0529 11 65 0224
GINGEMBRE BIO,1,1.99,1.99,,,SAINT QUENTIN EN YVELINES,09/10/2024,19h52,185.51,gingembre,condiments,True,0529 11 65 0224
MUESLI VITAM.BIO,1,4.99,4.99,,,SAINT QUENTIN EN YVELINES,09/10/2024,19h52,185.51,muesli,céréales et féculents,True,0529 11 65 0224
1L HLE OLIVE BIO N,1,11.99,11.99,,,SAINT QUENTIN EN YVELINES,09/10/2024,19h52,185.51,huile d'olive,condiments,True,0529 11 65 0224
HUILE DOLIVE VIER,1,9.47,9.47,,,SAINT QUENTIN EN YVELINES,09/10/2024,19h52,185.51,huile d'olive,condiments,False,0529 11 65 0224
HUILE DOLIVE VIER,1,9.47,9.47,,,SAINT QUENTIN EN YVELINES,09/10/2024,19h52,185.51,huile d'olive,condiments,False,0529 11 65 0224
1L HLE OLIVE BIO N,1,11.99,11.99,,,SAINT QUENTIN EN YVELINES,09/10/2024,19h52,185.51,huile d'olive,condiments,True,0529 11 65 0224
EMMENTAL GD CRU LR,1,5.47,5.47,0.424,12.9,SAINT QUENTIN EN YVELINES,09/10/2024,19h52,185.51,emmental,produits laitiers,False,0529 11 65 0224
CAROTTE BIO 1.5KG,1,3.29,3.29,,,SAINT QUENTIN EN YVELINES,09/10/2024,19h52,185.51,carotte,légumes,True,0529 11 65 0224
FLT 1.5KG ORANGE,1,3.99,3.99,,,SAINT QUENTIN EN YVELINES,09/10/2024,19h52,185.51,orange,fruits,False,0529 11 65 0224
PATATE DOUCE VRAC,1,3.81,3.81,1.915,1.99,SAINT QUENTIN EN YVELINES,09/10/2024,19h52,185.51,patate douce,légumes,False,0529 11 65 0224
BIO NOIX DE COCO,1,1.99,1.99,,,SAINT QUENTIN EN YVELINES,09/10/2024,19h52,185.51,noix de coco,fruits,True,0529 11 65 0224
750G BIO MUESLI SS,1,4.35,4.35,,,SAINT QUENTIN EN YVELINES,09/10/2024,19h52,185.51,muesli,céréales et féculents,True,0529 11 65 0224
GERBLE CITRON,1,2.59,2.59,,,SAINT QUENTIN EN YVELINES,09/10/2024,19h52,185.51,biscuit,grinottage,False,0529 11 65 0224
PRUNE JAUNE VRAC,1,0.89,0.89,0.241,3.69,SAINT QUENTIN EN YVELINES,09/10/2024,19h52,185.51,prune,fruits,False,0529 11 65 0224
FLT 1KG OIGN JNE F,1,2.59,2.59,,,SAINT QUENTIN EN YVELINES,09/10/2024,19h52,185.51,oignon,légumes,False,0529 11 65 0224
GERBLE CITRON,1,2.59,2.59,,,SAINT QUENTIN EN YVELINES,09/10/2024,19h52,185.51,biscuit,grinottage,False,0529 11 65 0224
50CL PUR JUS CITRO,1,4.18,4.18,,,SAINT QUENTIN EN YVELINES,09/10/2024,19h52,185.51,jus de fruits,boisson,False,0529 11 65 0224
720ML P.CHICHE NAT,1,2.79,2.79,,,SAINT QUENTIN EN YVELINES,09/10/2024,19h52,185.51,pois chiche,céréales et féculents,False,0529 11 65 0224
720ML P.CHICHE NAT,1,2.79,2.79,,,SAINT QUENTIN EN YVELINES,09/10/2024,19h52,185.51,pois chiche,céréales et féculents,False,0529 11 65 0224
BIO CRF BUTTERNUT,1,2.49,2.49,,,SAINT QUENTIN EN YVELINES,09/10/2024,19h52,185.51,butternut,légumes,True,0529 11 65 0224
200ML SW BIO LAIT,1,2.05,2.05,,,SAINT QUENTIN EN YVELINES,09/10/2024,19h52,185.51,lait,produits laitiers,True,0529 11 65 0224
500G PENN.RIGAT.CP,1,1.35,1.35,,,SAINT QUENTIN EN YVELINES,09/10/2024,19h52,185.51,pates,céréales et féculents,False,0529 11 65 0224
CITRON BIO 500G,1,2.29,2.29,,,SAINT QUENTIN EN YVELINES,09/10/2024,19h52,185.51,citron,fruits,True,0529 11 65 0224
400G PULPE TOM BAS,1,2.39,2.39,,,SAINT QUENTIN EN YVELINES,09/10/2024,19h52,185.51,pulpe tomate,légumes,False,0529 11 65 0224
SCE SOJA FR BIO,1,4.99,4.99,,,SAINT QUENTIN EN YVELINES,09/10/2024,19h52,185.51,sauce soja,condiments,True,0529 11 65 0224
BASILIC FRA,2,0.99,1.98,,,SAINT QUENTIN EN YVELINES,09/10/2024,19h52,185.51,basilic,condiments,False,0529 11 65 0224
CELERI RAVE BIO,1,3.99,3.99,,,SAINT QUENTIN EN YVELINES,09/10/2024,19h52,185.51,celeri rave,légumes,True,0529 11 65 0224
AVOCAT PIECE,3,1.39,4.17,,,SAINT QUENTIN EN YVELINES,09/10/2024,19h52,185.51,avocat,légumes,False,0529 11 65 0224
BIO CURCUMA SCHT,1,1.99,1.99,,,SAINT QUENTIN EN YVELINES,09/10/2024,19h52,185.51,curcuma,condiments,True,0529 11 65 0224
SESAME COMPLET BIO,1,0.69,0.69,0.088,7.8,SAINT QUENTIN EN YVELINES,09/10/2024,19h52,185.51,sésame,graines et noix,True,0529 11 65 0224
BANANE CRF BIO,1,1.99,1.99,,,SAINT QUENTIN EN YVELINES,09/10/2024,19h52,185.51,banane,fruits,True,0529 11 65 0224
POIREAU VRAC,1,1.54,1.54,0.672,2.29,SAINT QUENTIN EN YVELINES,09/10/2024,19h52,185.51,poireau,légumes,False,0529 11 65 0224
NAVET ROND VIOLET,1,2.23,2.23,0.974,2.29,SAINT QUENTIN EN YVELINES,09/10/2024,19h52,185.51,navet,légumes,False,0529 11 65 0224
CHAMPIGNON BLC BIO,1,2.19,2.19,,,SAINT QUENTIN EN YVELINES,09/10/2024,19h52,185.51,champignon,légumes,True,0529 11 65 0224
BIO KIWI BQ 4FRT,1,3.59,3.59,,,SAINT QUENTIN EN YVELINES,09/10/2024,19h52,185.51,kiwi,fruits,True,0529 11 65 0224
BIO KIWI BQ 4FRT,1,3.59,3.59,,,SAINT QUENTIN EN YVELINES,09/10/2024,19h52,185.51,kiwi,fruits,True,0529 11 65 0224
KLX ORIGINAL ETUIS,1,3.25,3.25,,,SAINT QUENTIN EN YVELINES,09/10/2024,19h52,185.51,mouchoirs,hygiene et entretien,False,0529 11 65 0224
HARICOTS ROUGES B.,1,6.65,6.65,1.073,6.2,SAINT QUENTIN EN YVELINES,09/10/2024,19h52,185.51,haricots rouges,légumes,False,0529 11 65 0224
RIZ LONG COMPLET,1,4.21,4.21,1.452,2.9,SAINT QUENTIN EN YVELINES,09/10/2024,19h52,185.51,riz,céréales et féculents,False,0529 11 65 0224
QUINOA TRICOLORE,1,0.7,0.7,0.078,9.0,SAINT QUENTIN EN YVELINES,09/10/2024,19h52,185.51,quinoa,céréales et féculents,False,0529 11 65 0224
PAVE SAUMON,1,10.31,10.31,0.688,14.99,SAINT QUENTIN EN YVELINES,09/10/2024,19h52,185.51,saumon,poisson,False,0529 11 65 0224
6 OEUFS PA LNA TC,1,1.89,1.89,,,SAINT QUENTIN EN YVELINES,09/10/2024,19h52,185.51,oeuf,oeufs,False,0529 11 65 0224
100G CHOC NR 78% G,1,2.99,2.99,,,SAINT QUENTIN EN YVELINES,09/10/2024,19h52,185.51,chocolat noir,grinottage,False,0529 11 65 0224
100G CHOC NR 78% G,1,2.99,2.99,,,SAINT QUENTIN EN YVELINES,09/10/2024,19h52,185.51,chocolat noir,grinottage,False,0529 11 65 0224
6 OEUFS PA LNA TC,1,1.89,1.89,,,SAINT QUENTIN EN YVELINES,09/10/2024,19h52,185.51,oeuf,oeufs,False,0529 11 65 0224
FOURRE CHOC.LT 225,1,2.49,2.49,,,SAINT QUENTIN EN YVELINES,04/10/2024,18h57,20.84,biscuit chocolat,grinottage,False,0529 115 242 0415
FOURRE CHOC.LT 225,1,2.49,2.49,,,SAINT QUENTIN EN YVELINES,04/10/2024,18h57,20.84,biscuit chocolat,grinottage,False,0529 115 242 0415
200ML DEO BRUT,1,2.45,2.45,,,SAINT QUENTIN EN YVELINES,04/10/2024,18h57,20.84,deodorant,hygiene et entretien,False,0529 115 242 0415
POIVRE GRIS MOULU,1,3.65,3.65,,,SAINT QUENTIN EN YVELINES,04/10/2024,18h57,20.84,poivre,condiments,False,0529 115 242 0415
BANANE CRF BIO,1,1.99,1.99,,,SAINT QUENTIN EN YVELINES,04/10/2024,18h57,20.84,banane,fruits,True,0529 115 242 0415
100G CHOC NR 78% G,1,2.99,2.99,,,SAINT QUENTIN EN YVELINES,04/10/2024,18h57,20.84,chocolat noir,grinottage,False,0529 115 242 0415
4 FOIES DE LAPIN,1,4.78,4.78,0.282,16.95,SAINT QUENTIN EN YVELINES,04/10/2024,18h57,20.84,foie lapin,viande,False,0529 115 242 0415
12X60G NAT GERVAIS,1,2.49,2.49,,,MARKET VOISINS-LE-BRETONNEUX,30/09/2024,18h20,27.07,yaourt,produits laitiers,False,7820 5 4312 0124
12X60G NAT GERVAIS,1,2.49,2.49,,,MARKET VOISINS-LE-BRETONNEUX,30/09/2024,18h20,27.07,yaourt,produits laitiers,False,7820 5 4312 0124
ANANAS BATEAU PCE,1,2.49,2.49,,,MARKET VOISINS-LE-BRETONNEUX,30/09/2024,18h20,27.07,ananas,fruits,False,7820 5 4312 0124
PATATE DOUCE VRAC,1,1.65,1.65,0.501,3.29,MARKET VOISINS-LE-BRETONNEUX,30/09/2024,18h20,27.07,patate douce,légumes,False,7820 5 4312 0124
6 OEUFS PA LNA TC,1,1.89,1.89,,,MARKET VOISINS-LE-BRETONNEUX,30/09/2024,18h20,27.07,oeuf,oeufs,False,7820 5 4312 0124
6 OEUFS PA LNA TC,1,1.89,1.89,,,MARKET VOISINS-LE-BRETONNEUX,30/09/2024,18h20,27.07,oeuf,oeufs,False,7820 5 4312 0124
KIWI JAUNE BIO,1,3.99,3.99,,,MARKET VOISINS-LE-BRETONNEUX,30/09/2024,18h20,27.07,kiwi,fruits,True,7820 5 4312 0124
PRUNE REINE CLAUDE,1,1.75,1.75,0.351,4.99,MARKET VOISINS-LE-BRETONNEUX,30/09/2024,18h20,27.07,prune,fruits,False,7820 5 4312 0124
AVOCAT GROS PIECE,1,1.59,1.59,,,MARKET VOISINS-LE-BRETONNEUX,30/09/2024,18h20,27.07,avocat,légumes,False,7820 5 4312 0124
PAVE SAUMON CHP,1,6.84,6.84,1.629,4.2,MARKET VOISINS-LE-BRETONNEUX,30/09/2024,18h20,27.07,saumon,poisson,False,7820 5 4312 0124
250G CAMEMBER.PAST,1,2.65,2.65,,,SAINT QUENTIN EN YVELINES,21/06/2025,20h54,45.13,camembert,produits laitiers,False,0529 101 223 0401
TOMATE COTELE MEL,1,5.49,5.49,1.376,3.99,SAINT QUENTIN EN YVELINES,21/06/2025,20h54,45.13,tomate,légumes,False,0529 101 223 0401
POIREAU VRAC,1,2.43,2.43,0.813,2.99,SAINT QUENTIN EN YVELINES,21/06/2025,20h54,45.13,poireau,légumes,False,0529 101 223 0401
CAROTTE 1.5KG FQC,1,2.29,2.29,,,SAINT QUENTIN EN YVELINES,21/06/2025,20h54,45.13,carotte,légumes,False,0529 101 223 0401
KG COEUR VEAU TRX2,1,3.46,3.46,0.296,11.69,SAINT QUENTIN EN YVELINES,21/06/2025,20h54,45.13,veau,viande,False,0529 101 223 0401
COMTE 6MOIS,1,5.35,5.35,0.256,20.9,SAINT QUENTIN EN YVELINES,21/06/2025,20h54,45.13,fromage,produits laitiers,False,0529 101 223 0401
BANANES,1,1.78,1.78,0.894,1.99,SAINT QUENTIN EN YVELINES,21/06/2025,20h54,45.13,banane,fruits,False,0529 101 223 0401
POIVRON ROUGE,1,2.4,2.4,0.535,4.49,SAINT QUENTIN EN YVELINES,21/06/2025,20h54,45.13,poivron,légumes,False,0529 101 223 0401
10 OEUFS BIO CALIB,1,3.59,3.59,,,SAINT QUENTIN EN YVELINES,21/06/2025,20h54,45.13,oeuf,oeufs,True,0529 101 223 0401
10 OEUFS BIO CALIB,1,3.59,3.59,,,SAINT QUENTIN EN YVELINES,21/06/2025,20h54,45.13,oeuf,oeufs,True,0529 101 223 0401
100G CHOCO.NR.ABSO,1,2.65,2.65,,,SAINT QUENTIN EN YVELINES,21/06/2025,20h54,45.13,chocolat noir,grinottage,False,0529 101 223 0401
MANGUE PIECE,1,1.99,1.99,,,SAINT QUENTIN EN YVELINES,21/06/2025,20h54,45.13,mangue,fruits,False,0529 101 223 0401
DESTOP DEB LIQUIDE,1,3.79,3.79,,,SAINT QUENTIN EN YVELINES,21/06/2025,20h54,45.13,produit entretien,hygiene et entretien,False,0529 101 223 0401
3X20CLCREM UHT BIO,1,3.95,3.95,,,SAINT QUENTIN EN YVELINES,21/06/2025,20h54,45.13,crème fraîche,produits laitiers,True,0529 101 223 0401
EVIAN 6X1.5L PET,1,3.78,3.78,,,SAINT QUENTIN EN YVELINES,10/07/2024,18h26,117.55,eau,boisson,False,0529 15 64 0167
75CL CREMANT DALS,1,8.95,8.95,,,SAINT QUENTIN EN YVELINES,10/07/2024,18h26,117.55,cremant,boisson,False,0529 15 64 0167
75CL VINAIGRE BALS,1,4.99,4.99,,,SAINT QUENTIN EN YVELINES,10/07/2024,18h26,117.55,vinaigre,condiments,False,0529 15 64 0167
TARTE FINE POMME X,1,2.75,2.75,,,SAINT QUENTIN EN YVELINES,10/07/2024,18h26,117.55,tarte pomme,fruits,False,0529 15 64 0167
TOMATE CERISE ALL,1,5.99,5.99,,,SAINT QUENTIN EN YVELINES,10/07/2024,18h26,117.55,tomate cerise,légumes,False,0529 15 64 0167
DA FIGATELLU ARTIS,1,4.95,4.95,,,SAINT QUENTIN EN YVELINES,10/07/2024,18h26,117.55,figatellu,viande,False,0529 15 64 0167
TOMATE CERISE ALL,1,5.99,5.99,,,SAINT QUENTIN EN YVELINES,10/07/2024,18h26,117.55,tomate cerise,légumes,False,0529 15 64 0167
COMTE RDF,1,4.17,4.17,0.182,22.9,SAINT QUENTIN EN YVELINES,10/07/2024,18h26,117.55,fromage,produits laitiers,False,0529 15 64 0167
GORGON DOLCE AOP,1,3.5,3.5,,,SAINT QUENTIN EN YVELINES,10/07/2024,18h26,117.55,fromage,produits laitiers,False,0529 15 64 0167
450G CROUSTIL CHOC,1,5.39,5.39,,,SAINT QUENTIN EN YVELINES,10/07/2024,18h26,117.55,cereales petit dejeuner,céréales et féculents,False,0529 15 64 0167
BQ TOM CERISE ALL,1,0.99,0.99,,,SAINT QUENTIN EN YVELINES,10/07/2024,18h26,117.55,tomate cerise,légumes,False,0529 15 64 0167
500G BIO CROUSTILL,1,3.25,3.25,,,SAINT QUENTIN EN YVELINES,10/07/2024,18h26,117.55,cereales petit dejeuner,céréales et féculents,True,0529 15 64 0167
450G CROUST INTENS,1,4.69,4.69,,,SAINT QUENTIN EN YVELINES,10/07/2024,18h26,117.55,cereales petit dejeuner,céréales et féculents,False,0529 15 64 0167
LOT BIO 2+1GRT FOU,1,6.15,6.15,,,SAINT QUENTIN EN YVELINES,10/07/2024,18h26,117.55,produit d'entretien,hygiene et entretien,True,0529 15 64 0167
NOIX SECHE,1,1.4,1.4,0.281,4.99,SAINT QUENTIN EN YVELINES,10/07/2024,18h26,117.55,noix,graines et noix,False,0529 15 64 0167
250G 10%OF BRETS F,1,3.29,3.29,,,SAINT QUENTIN EN YVELINES,10/07/2024,18h26,117.55,chips,grinottage,False,0529 15 64 0167
6 OEUFS PA LNA TC,1,2.05,2.05,,,SAINT QUENTIN EN YVELINES,10/07/2024,18h26,117.55,oeuf,oeufs,False,0529 15 64 0167
1 2 LENTIL CUISINE,1,1.85,1.85,,,SAINT QUENTIN EN YVELINES,10/07/2024,18h26,117.55,lentille cuisinée,céréales et féculents,False,0529 15 64 0167
KG FOIE VEAU TR X1,1,3.53,3.53,0.137,25.75,SAINT QUENTIN EN YVELINES,10/07/2024,18h26,117.55,foie veau,viande,False,0529 15 64 0167
100G CHOC NR 85%,1,2.39,2.39,,,SAINT QUENTIN EN YVELINES,10/07/2024,18h26,117.55,chocolat noir,grinottage,False,0529 15 64 0167
100G CHOC NR 85%,1,2.39,2.39,,,SAINT QUENTIN EN YVELINES,10/07/2024,18h26,117.55,chocolat noir,grinottage,False,0529 15 64 0167
100G BIO CHOCOLAT,1,2.85,2.85,,,SAINT QUENTIN EN YVELINES,10/07/2024,18h26,117.55,chocolat,grinottage,True,0529 15 64 0167
6 OEUFS PA LNA TC,1,2.05,2.05,,,SAINT QUENTIN EN YVELINES,10/07/2024,18h26,117.55,oeuf,oeufs,False,0529 15 64 0167
POIVRON DOUX BIO,1,1.5,1.5,,,SAINT QUENTIN EN YVELINES,10/07/2024,18h26,117.55,poivron,légumes,True,0529 15 64 0167
POIVRON ROUGE,1,1.98,1.98,0.496,3.99,SAINT QUENTIN EN YVELINES,10/07/2024,18h26,117.55,poivron,légumes,False,0529 15 64 0167
TOMATE COTELEE JNE,1,6.32,6.32,1.584,3.99,SAINT QUENTIN EN YVELINES,10/07/2024,18h26,117.55,tomate,légumes,False,0529 15 64 0167
KIWI JAUNE BIO,1,2.99,2.99,,,SAINT QUENTIN EN YVELINES,10/07/2024,18h26,117.55,kiwi,fruits,True,0529 15 64 0167
PATATE DOUCE VRAC,1,5.21,5.21,1.742,2.99,SAINT QUENTIN EN YVELINES,10/07/2024,18h26,117.55,patate douce,légumes,False,0529 15 64 0167
BIO AVOCAT FLT 500,1,2.99,2.99,,,SAINT QUENTIN EN YVELINES,10/07/2024,18h26,117.55,avocat,légumes,True,0529 15 64 0167
CAROTTE BIO 1.5KG,1,3.49,3.49,,,SAINT QUENTIN EN YVELINES,10/07/2024,18h26,117.55,carotte,légumes,True,0529 15 64 0167
FEVER TREE GG BEER,1,5.73,5.73,,,SAINT QUENTIN EN YVELINES,10/07/2024,18h26,117.55,boisson,boisson,False,0529 15 64 0167
CHOU BLANC PIECE,1,3.49,3.49,,,SAINT QUENTIN EN YVELINES,27/05/2024,17h16,126.05,chou blanc,légumes,False,0529 14 180 0201
24 RLX PH COLOR AQ,1,8.89,8.89,,,SAINT QUENTIN EN YVELINES,27/05/2024,17h16,126.05,papier toilette,hygiene et entretien,False,0529 14 180 0201
TARTE FINE POMME X,1,2.75,2.75,,,SAINT QUENTIN EN YVELINES,27/05/2024,17h16,126.05,tarte pomme,fruits,False,0529 14 180 0201
KG FOIE VEAU TR X1,1,2.91,2.91,0.113,25.75,SAINT QUENTIN EN YVELINES,27/05/2024,17h16,126.05,foie veau,viande,False,0529 14 180 0201
BJORG CROUSTILL.CH,1,3.25,3.25,,,SAINT QUENTIN EN YVELINES,27/05/2024,17h16,126.05,cereales petit dejeuner,céréales et féculents,False,0529 14 180 0201
KG FOIE VEAU TR X1,1,4.33,4.33,0.168,25.75,SAINT QUENTIN EN YVELINES,27/05/2024,17h16,126.05,foie veau,viande,False,0529 14 180 0201
CAROTTE BIO 1.5KG,1,3.49,3.49,,,SAINT QUENTIN EN YVELINES,27/05/2024,17h16,126.05,carotte,légumes,True,0529 14 180 0201
250G CAMEMBERT RUS,1,2.35,2.35,,,SAINT QUENTIN EN YVELINES,27/05/2024,17h16,126.05,camembert,produits laitiers,False,0529 14 180 0201
720ML P.CHICHE NAT,1,2.79,2.79,,,SAINT QUENTIN EN YVELINES,27/05/2024,17h16,126.05,pois chiche,céréales et féculents,False,0529 14 180 0201
6X1L LAIT BIO 1/2E,1,7.44,7.44,,,SAINT QUENTIN EN YVELINES,27/05/2024,17h16,126.05,lait,produits laitiers,True,0529 14 180 0201
MADELEINES B.MAMAN,1,3.49,3.49,,,SAINT QUENTIN EN YVELINES,27/05/2024,17h16,126.05,madeleine,grinottage,False,0529 14 180 0201
100G CHOC NR 78% G,1,2.99,2.99,,,SAINT QUENTIN EN YVELINES,27/05/2024,17h16,126.05,chocolat noir,grinottage,False,0529 14 180 0201
100G CHOC NR 78% G,1,2.99,2.99,,,SAINT QUENTIN EN YVELINES,27/05/2024,17h16,126.05,chocolat noir,grinottage,False,0529 14 180 0201
SAUCE SRIRACHA HOT,1,3.55,3.55,,,SAINT QUENTIN EN YVELINES,27/05/2024,17h16,126.05,sauce piquante,condiments,False,0529 14 180 0201
450G CROUSTILLANT,1,4.95,4.95,,,SAINT QUENTIN EN YVELINES,27/05/2024,17h16,126.05,cereales petit dejeuner,céréales et féculents,False,0529 14 180 0201
CAROTTE BIO 1.5KG,1,3.49,3.49,,,SAINT QUENTIN EN YVELINES,27/05/2024,17h16,126.05,carotte,légumes,True,0529 14 180 0201
2X140G SKYR VAN SI,1,2.05,2.05,,,SAINT QUENTIN EN YVELINES,27/05/2024,17h16,126.05,yaourt,produits laitiers,False,0529 14 180 0201
SIGGIS MUESLI 2X14,1,2.05,2.05,,,SAINT QUENTIN EN YVELINES,27/05/2024,17h16,126.05,yaourt,produits laitiers,False,0529 14 180 0201
SIGGIS MIEL NOIX 2,1,2.05,2.05,,,SAINT QUENTIN EN YVELINES,27/05/2024,17h16,126.05,yaourt,produits laitiers,False,0529 14 180 0201
SAUCE SRIRACHA HOT,1,3.55,3.55,,,SAINT QUENTIN EN YVELINES,27/05/2024,17h16,126.05,sauce piquante,condiments,False,0529 14 180 0201
NOIX SECHE,1,2.88,2.88,0.577,4.99,SAINT QUENTIN EN YVELINES,27/05/2024,17h16,126.05,noix,graines et noix,False,0529 14 180 0201
75CL JUS CAROTTES,1,3.09,3.09,,,SAINT QUENTIN EN YVELINES,27/05/2024,17h16,126.05,jus de fruits,boisson,False,0529 14 180 0201
PATATE DOUCE VRAC,1,4.78,4.78,1.599,2.99,SAINT QUENTIN EN YVELINES,27/05/2024,17h16,126.05,patate douce,légumes,False,0529 14 180 0201
X3 BAD I8 COMPL SO,1,4.75,4.75,,,SAINT QUENTIN EN YVELINES,27/05/2024,17h16,126.05,pain complet,céréales et féculents,False,0529 14 180 0201
PDT CONSO BIO 1KG,1,1.99,1.99,,,SAINT QUENTIN EN YVELINES,27/05/2024,17h16,126.05,pomme de terre,céréales et féculents,True,0529 14 180 0201
PDT CONSO BIO 1KG,1,1.99,1.99,,,SAINT QUENTIN EN YVELINES,27/05/2024,17h16,126.05,pomme de terre,céréales et féculents,True,0529 14 180 0201
PDT CONSO BIO 1KG,1,1.99,1.99,,,SAINT QUENTIN EN YVELINES,27/05/2024,17h16,126.05,pomme de terre,céréales et féculents,True,0529 14 180 0201
SAUCE SRIRACHA HOT,1,3.55,3.55,,,SAINT QUENTIN EN YVELINES,27/05/2024,17h16,126.05,sauce piquante,condiments,False,0529 14 180 0201
350G GRANOLA CHOCO,1,4.35,4.35,,,SAINT QUENTIN EN YVELINES,27/05/2024,17h16,126.05,granola,céréales et féculents,False,0529 14 180 0201
225G FOURRE CHOCOL,1,2.35,2.35,,,SAINT QUENTIN EN YVELINES,27/05/2024,17h16,126.05,biscuit,grinottage,False,0529 14 180 0201
FOURRE CHOC.LT 225,1,2.9,2.9,,,SAINT QUENTIN EN YVELINES,27/05/2024,17h16,126.05,biscuit chocolat,grinottage,False,0529 14 180 0201
225G FOURRE CHOCOL,1,2.35,2.35,,,SAINT QUENTIN EN YVELINES,27/05/2024,17h16,126.05,biscuit,grinottage,False,0529 14 180 0201
POMME BICOLORE,1,2.09,2.09,,,SAINT QUENTIN EN YVELINES,27/05/2024,17h16,126.05,pomme,fruits,False,0529 14 180 0201
POMME BICOLORE,1,2.09,2.09,,,SAINT QUENTIN EN YVELINES,27/05/2024,17h16,126.05,pomme,fruits,False,0529 14 180 0201
NOIX CAJOU BIO,1,3.22,3.22,0.14,23.0,SAINT QUENTIN EN YVELINES,27/05/2024,17h16,126.05,noix de cajou,graines et noix,True,0529 14 180 0201
FILET FRTS PASSION,1,2.5,2.5,,,SAINT QUENTIN EN YVELINES,27/05/2024,17h16,126.05,fruit de la passion,fruits,False,0529 14 180 0201
TOMATE CERISE ALL.,1,0.99,0.99,,,SAINT QUENTIN EN YVELINES,27/05/2024,17h16,126.05,tomate cerise,légumes,False,0529 14 180 0201
AVOCAT PIECE,3,1.39,4.17,,,SAINT QUENTIN EN YVELINES,27/05/2024,17h16,126.05,avocat,légumes,False,0529 14 180 0201
570G KETCHUP HEINZ,1,2.19,2.19,,,SAINT QUENTIN EN YVELINES,27/05/2024,17h16,126.05,ketchup,condiments,False,0529 14 180 0201
OSSAU IRATY FQC,1,3.52,3.52,0.126,27.9,SAINT QUENTIN EN YVELINES,27/05/2024,17h16,126.05,fromage,produits laitiers,False,0529 14 180 0201
OSSAU IRATY FQC,1,2.46,2.46,0.126,27.9,SAINT QUENTIN EN YVELINES,27/05/2024,17h16,126.05,fromage,produits laitiers,False,0529 14 180 0201
BIO TOM CERISE FR,1,1.99,1.99,,,SAINT QUENTIN EN YVELINES,27/05/2024,17h16,126.05,tomate cerise,légumes,True,0529 14 180 0201
KG TOMATE GRAP FR,1,0.99,0.99,0.497,1.99,SAINT QUENTIN EN YVELINES,27/05/2024,17h16,126.05,tomate,légumes,False,0529 14 180 0201
BIO CRF OIGNON JN,1,2.69,2.69,,,SAINT QUENTIN EN YVELINES,27/05/2024,17h16,126.05,oignon,légumes,True,0529 14 180 0201
6 OEUFS PA LNA TC,1,2.05,2.05,,,SAINT QUENTIN EN YVELINES,27/05/2024,17h16,126.05,oeuf,oeufs,False,0529 14 180 0201
6 L EPONGE TRES VE,1,4.25,4.25,,,SAINT QUENTIN EN YVELINES,18/03/2024,19h33,147.21,eponge,hygiene et entretien,False,0529 14 241 0185
150G DELICHOC NOIR,1,1.85,1.85,,,SAINT QUENTIN EN YVELINES,18/03/2024,19h33,147.21,biscuit,grinottage,False,0529 14 241 0185
BOT.1KG POIREAU,1,1.99,1.99,,,SAINT QUENTIN EN YVELINES,18/03/2024,19h33,147.21,poireau,légumes,False,0529 14 241 0185
PAIC BI ACTIV CITR,1,2.87,2.87,,,SAINT QUENTIN EN YVELINES,18/03/2024,19h33,147.21,produit vaisselle,hygiene et entretien,False,0529 14 241 0185
EVIAN 6X1.5L PET,1,3.78,3.78,,,SAINT QUENTIN EN YVELINES,18/03/2024,19h33,147.21,eau,boisson,False,0529 14 241 0185
ARTICHAUT,1,1.49,1.49,,,SAINT QUENTIN EN YVELINES,18/03/2024,19h33,147.21,artichaut,légumes,False,0529 14 241 0185
900G BROCOLI FLEUR,1,1.99,1.99,,,SAINT QUENTIN EN YVELINES,18/03/2024,19h33,147.21,brocoli,légumes,False,0529 14 241 0185
HANDYB 80%RECYFIXE,1,3.45,3.45,,,SAINT QUENTIN EN YVELINES,18/03/2024,19h33,147.21,adhesif,autres,False,0529 14 241 0185
750G MUESLI AVOINE,1,6.45,6.45,,,SAINT QUENTIN EN YVELINES,18/03/2024,19h33,147.21,muesli,céréales et féculents,False,0529 14 241 0185
SAUCE SRIRACHA HOT,1,3.59,3.59,,,SAINT QUENTIN EN YVELINES,18/03/2024,19h33,147.21,sauce piquante,condiments,False,0529 14 241 0185
150G COMTE RAPE CR,1,2.29,2.29,,,SAINT QUENTIN EN YVELINES,18/03/2024,19h33,147.21,fromage râpé,produits laitiers,False,0529 14 241 0185
TARTE FINE POMME X,1,2.75,2.75,,,SAINT QUENTIN EN YVELINES,18/03/2024,19h33,147.21,tarte pomme,fruits,False,0529 14 241 0185
POMME PINK LADY KG,1,3.76,3.76,1.077,3.49,SAINT QUENTIN EN YVELINES,18/03/2024,19h33,147.21,pomme,fruits,False,0529 14 241 0185
100G CHOC NR 78% G,1,2.99,2.99,,,SAINT QUENTIN EN YVELINES,18/03/2024,19h33,147.21,chocolat noir,grinottage,False,0529 14 241 0185
100G CHOC NR 78% G,1,2.99,2.99,,,SAINT QUENTIN EN YVELINES,18/03/2024,19h33,147.21,chocolat noir,grinottage,False,0529 14 241 0185
100G CHOC NR 78% G,1,2.99,2.99,,,SAINT QUENTIN EN YVELINES,18/03/2024,19h33,147.21,chocolat noir,grinottage,False,0529 14 241 0185
PATATE DOUCE VRAC,1,5.39,5.39,1.803,2.99,SAINT QUENTIN EN YVELINES,18/03/2024,19h33,147.21,patate douce,légumes,False,0529 14 241 0185
RUSTIQUE CAM AFFIN,1,2.99,2.99,,,SAINT QUENTIN EN YVELINES,18/03/2024,19h33,147.21,fromage,produits laitiers,False,0529 14 241 0185
PDT CONSO BIO 1KG,1,1.99,1.99,,,SAINT QUENTIN EN YVELINES,18/03/2024,19h33,147.21,pomme de terre,céréales et féculents,True,0529 14 241 0185
MANGUE PIECE,1,2.69,2.69,,,SAINT QUENTIN EN YVELINES,18/03/2024,19h33,147.21,mangue,fruits,False,0529 14 241 0185
BANANE CRF BIO MH,1,1.99,1.99,,,SAINT QUENTIN EN YVELINES,18/03/2024,19h33,147.21,banane,fruits,True,0529 14 241 0185
300G PT QUATRE QUA,1,3.95,3.95,,,SAINT QUENTIN EN YVELINES,18/03/2024,19h33,147.21,quatre-quarts,grinottage,False,0529 14 241 0185
POMME PINK LADY,1,3.69,3.69,,,SAINT QUENTIN EN YVELINES,18/03/2024,19h33,147.21,pomme,fruits,False,0529 14 241 0185
PETITS CAKE AUX FR,1,3.59,3.59,,,SAINT QUENTIN EN YVELINES,18/03/2024,19h33,147.21,cake,grinottage,False,0529 14 241 0185
375G MUESLI SUP FR,1,2.49,2.49,,,SAINT QUENTIN EN YVELINES,18/03/2024,19h33,147.21,muesli,céréales et féculents,False,0529 14 241 0185
KG FOIE VEAU TR X1,1,3.09,3.09,0.12,25.75,SAINT QUENTIN EN YVELINES,18/03/2024,19h33,147.21,foie veau,viande,False,0529 14 241 0185
FRAMBOISE . YAOURT,1,2.05,2.05,,,SAINT QUENTIN EN YVELINES,18/03/2024,19h33,147.21,yaourt,produits laitiers,False,0529 14 241 0185
250ML SH GELEE ROY,1,4.25,4.25,,,SAINT QUENTIN EN YVELINES,18/03/2024,19h33,147.21,shampooing,hygiene et entretien,False,0529 14 241 0185
250ML SH GELEE ROY,1,4.25,4.25,,,SAINT QUENTIN EN YVELINES,18/03/2024,19h33,147.21,shampooing,hygiene et entretien,False,0529 14 241 0185
ASPERGE BLC/VLT,1,3.96,3.96,0.33,11.99,SAINT QUENTIN EN YVELINES,18/03/2024,19h33,147.21,asperge,légumes,False,0529 14 241 0185
400G FUSILLI COMPL,1,1.65,1.65,,,SAINT QUENTIN EN YVELINES,18/03/2024,19h33,147.21,pates,céréales et féculents,False,0529 14 241 0185
45G POIVRE NOIR GR,1,1.45,1.45,,,SAINT QUENTIN EN YVELINES,18/03/2024,19h33,147.21,poivre noir,condiments,False,0529 14 241 0185
35G POIVR NR MOULU,1,3.59,3.59,,,SAINT QUENTIN EN YVELINES,18/03/2024,19h33,147.21,poivre,condiments,False,0529 14 241 0185
3X135G SARD.ENT/HO,1,6.99,6.99,,,SAINT QUENTIN EN YVELINES,18/03/2024,19h33,147.21,sardine,poisson,False,0529 14 241 0185
SAUCE TOMATE OIGNO,1,2.09,2.09,,,SAINT QUENTIN EN YVELINES,18/03/2024,19h33,147.21,sauce tomate,condiments,False,0529 14 241 0185
AVOCAT PIECE,2,1.49,2.98,,,SAINT QUENTIN EN YVELINES,18/03/2024,19h33,147.21,avocat,légumes,False,0529 14 241 0185
MELANGE ORIENTAL,1,4.79,4.79,,,SAINT QUENTIN EN YVELINES,18/03/2024,19h33,147.21,melange legumes,légumes,False,0529 14 241 0185
MELANGE MEXICAIN 6,1,3.15,3.15,,,SAINT QUENTIN EN YVELINES,18/03/2024,19h33,147.21,melange legumes,légumes,False,0529 14 241 0185
NOISETTE SECH.VRAC,1,4.81,4.81,0.688,6.99,SAINT QUENTIN EN YVELINES,18/03/2024,19h33,147.21,noisette,graines et noix,False,0529 14 241 0185
AMANDE SECHE VRAC,1,1.33,1.33,0.19,6.99,SAINT QUENTIN EN YVELINES,18/03/2024,19h33,147.21,amande,graines et noix,False,0529 14 241 0185
RATATOUILLE CUISIN,1,3.19,3.19,,,SAINT QUENTIN EN YVELINES,18/03/2024,19h33,147.21,ratatouille,légumes,False,0529 14 241 0185
660G AUBERG.CASSEG,1,4.05,4.05,,,SAINT QUENTIN EN YVELINES,18/03/2024,19h33,147.21,aubergine,légumes,False,0529 14 241 0185
6 OEUFS PA LNA TC,1,2.05,2.05,,,SAINT QUENTIN EN YVELINES,18/03/2024,19h33,147.21,oeuf,oeufs,False,0529 14 241 0185
PTI MUNSTER CUMIN,1,5.65,3.95,,,SAINT QUENTIN EN YVELINES,18/03/2024,19h33,147.21,fromage munster,produits laitiers,False,0529 14 241 0185
LOTUS CONFORT X16,1,5.29,5.29,,,SAINT QUENTIN EN YVELINES,18/03/2024,19h33,147.21,papier toilette,hygiene et entretien,False,0529 14 241 0185
180G DESSERT SESAM,1,6.19,6.19,,,SAINT QUENTIN EN YVELINES,02/02/2024,19h32,58.23,dessert,autres,False,0529 26 157 0197
MADELEINES B.MAMAN,1,3.49,3.49,,,SAINT QUENTIN EN YVELINES,02/02/2024,19h32,58.23,madeleine,grinottage,False,0529 26 157 0197
BANANE CRF BIO MH,1,1.99,1.99,,,SAINT QUENTIN EN YVELINES,02/02/2024,19h32,58.23,banane,fruits,True,0529 26 157 0197
250G CAMEMBERT RUS,1,2.23,2.23,,,SAINT QUENTIN EN YVELINES,02/02/2024,19h32,58.23,camembert,produits laitiers,False,0529 26 157 0197
CHIPS CRUNCHY CHIL,1,2.85,2.85,,,SAINT QUENTIN EN YVELINES,02/02/2024,19h32,58.23,chips,grinottage,False,0529 26 157 0197
PATATE DOUCE VRAC,1,4.73,4.73,1.582,2.99,SAINT QUENTIN EN YVELINES,02/02/2024,19h32,58.23,patate douce,légumes,False,0529 26 157 0197
100G NOIR 56% RIZ,1,3.79,3.79,,,SAINT QUENTIN EN YVELINES,02/02/2024,19h32,58.23,chocolat noir,grinottage,False,0529 26 157 0197
GUACAMOLE SAUCE,1,2.45,2.45,,,SAINT QUENTIN EN YVELINES,02/02/2024,19h32,58.23,guacamole,légumes,False,0529 26 157 0197
100G CHOCOLAT NOIR,1,2.85,2.85,,,SAINT QUENTIN EN YVELINES,02/02/2024,19h32,58.23,chocolat noir,grinottage,False,0529 26 157 0197
1.25LLORINA DOUB Z,1,1.59,1.59,,,SAINT QUENTIN EN YVELINES,02/02/2024,19h32,58.23,soda,boisson,False,0529 26 157 0197
X65G NJ CANARD A L,1,1.95,1.95,,,SAINT QUENTIN EN YVELINES,02/02/2024,19h32,58.23,canard,viande,False,0529 26 157 0197
67G CUP CURRY JAPO,1,1.95,1.95,,,SAINT QUENTIN EN YVELINES,02/02/2024,19h32,58.23,plat prepare asiatique,autres,False,0529 26 157 0197
6 OEUFS PA LNA TC,1,2.05,2.05,,,SAINT QUENTIN EN YVELINES,02/02/2024,19h32,58.23,oeuf,oeufs,False,0529 26 157 0197
GRENADILLE,1,1.8,1.8,0.106,16.99,SAINT QUENTIN EN YVELINES,02/02/2024,19h32,58.23,grenadille,fruits,False,0529 26 157 0197
AVOCAT CRF BIO,1,1.69,1.69,,,SAINT QUENTIN EN YVELINES,02/02/2024,19h32,58.23,avocat,légumes,True,0529 26 157 0197
TAMARILLO,1,1.93,1.93,0.138,13.99,SAINT QUENTIN EN YVELINES,02/02/2024,19h32,58.23,tamarillo,fruits,False,0529 26 157 0197
FRT DE LA PASSION,2,1.49,2.98,,,SAINT QUENTIN EN YVELINES,02/02/2024,19h32,58.23,fruit de la passion,fruits,False,0529 26 157 0197
COMBAVA VRAC,1,1.24,1.24,0.054,22.99,SAINT QUENTIN EN YVELINES,02/02/2024,19h32,58.23,combava,fruits,False,0529 26 157 0197
MANGOUSTAN,1,1.16,1.16,0.068,16.99,SAINT QUENTIN EN YVELINES,02/02/2024,19h32,58.23,mangoustan,fruits,False,0529 26 157 0197
RAMBOUTAN,1,0.61,0.61,0.034,17.99,SAINT QUENTIN EN YVELINES,02/02/2024,19h32,58.23,ramboutan,fruits,False,0529 26 157 0197
KIWANO PIECE,1,9.19,9.19,,,SAINT QUENTIN EN YVELINES,02/02/2024,19h32,58.23,kiwano,fruits,False,0529 26 157 0197
BETTERAVE FQC,1,1.25,1.25,,,SAINT QUENTIN EN YVELINES,06/01/2024,19h49,32.6,betterave,légumes,False,0529 4 260 0195
CHAMPIGNON PARIS,1,2.89,2.89,,,SAINT QUENTIN EN YVELINES,06/01/2024,19h49,32.6,champignon,légumes,False,0529 4 260 0195
POMME GALA FQC,1,2.64,2.64,0.981,2.69,SAINT QUENTIN EN YVELINES,06/01/2024,19h49,32.6,pomme,fruits,False,0529 4 260 0195
IGNAME,1,1.63,1.63,0.545,2.99,SAINT QUENTIN EN YVELINES,06/01/2024,19h49,32.6,igname,céréales et féculents,False,0529 4 260 0195
BQ 2FT GRENADE A J,1,2.5,2.5,,,SAINT QUENTIN EN YVELINES,06/01/2024,19h49,32.6,grenade,fruits,False,0529 4 260 0195
PATATE DOUCE VRAC,1,4.94,4.94,1.652,2.99,SAINT QUENTIN EN YVELINES,06/01/2024,19h49,32.6,patate douce,légumes,False,0529 4 260 0195
CHOU VERT PIECE,1,1.99,1.99,,,SAINT QUENTIN EN YVELINES,06/01/2024,19h49,32.6,chou,légumes,False,0529 4 260 0195
POIVRON CORNE VERT,1,0.89,0.89,0.255,3.49,SAINT QUENTIN EN YVELINES,06/01/2024,19h49,32.6,poivron,légumes,False,0529 4 260 0195
SHIMEJI BLANC,1,1.99,1.99,,,SAINT QUENTIN EN YVELINES,06/01/2024,19h49,32.6,champignon,légumes,False,0529 4 260 0195
BOT.1KG POIREAU,1,1.49,1.49,,,SAINT QUENTIN EN YVELINES,06/01/2024,19h49,32.6,poireau,légumes,False,0529 4 260 0195
POIS CHICHE BIO KG,1,4.3,4.3,1.012,4.25,SAINT QUENTIN EN YVELINES,06/01/2024,19h49,32.6,pois chiche,céréales et féculents,True,0529 4 260 0195
HARICOT ROUGE BIO,1,3.51,3.51,0.566,6.2,SAINT QUENTIN EN YVELINES,06/01/2024,19h49,32.6,haricot rouge,légumes,True,0529 4 260 0195
RIZ LONG BIO KG,1,2.58,2.58,0.89,2.9,SAINT QUENTIN EN YVELINES,06/01/2024,19h49,32.6,riz,céréales et féculents,True,0529 4 260 0195
FRT DE LA PASSION,1,1.49,1.49,,,SAINT QUENTIN EN YVELINES,03/01/2024,19h04,90.89,fruit de la passion,fruits,False,0529 1 41 0129
FRT DE LA PASSION,1,1.49,1.49,,,SAINT QUENTIN EN YVELINES,03/01/2024,19h04,90.89,fruit de la passion,fruits,False,0529 1 41 0129
FRT DE LA PASSION,1,1.49,1.49,,,SAINT QUENTIN EN YVELINES,03/01/2024,19h04,90.89,fruit de la passion,fruits,False,0529 1 41 0129
FRT DE LA PASSION,1,1.49,1.49,,,SAINT QUENTIN EN YVELINES,03/01/2024,19h04,90.89,fruit de la passion,fruits,False,0529 1 41 0129
FRT DE LA PASSION,1,1.49,1.49,,,SAINT QUENTIN EN YVELINES,03/01/2024,19h04,90.89,fruit de la passion,fruits,False,0529 1 41 0129
FRT DE LA PASSION,1,1.49,1.49,,,SAINT QUENTIN EN YVELINES,03/01/2024,19h04,90.89,fruit de la passion,fruits,False,0529 1 41 0129
FRT DE LA PASSION,1,1.49,1.49,,,SAINT QUENTIN EN YVELINES,03/01/2024,19h04,90.89,fruit de la passion,fruits,False,0529 1 41 0129
FRT DE LA PASSION,1,1.49,1.49,,,SAINT QUENTIN EN YVELINES,03/01/2024,19h04,90.89,fruit de la passion,fruits,False,0529 1 41 0129
CHOU VERT PIECE,1,1.99,1.99,,,SAINT QUENTIN EN YVELINES,03/01/2024,19h04,90.89,chou,légumes,False,0529 1 41 0129
HARICOT COCO 1/2X2,1,3.1,3.1,,,SAINT QUENTIN EN YVELINES,03/01/2024,19h04,90.89,haricot coco,légumes,False,0529 1 41 0129
2X125G NOIX DE CAJ,1,3.95,3.95,,,SAINT QUENTIN EN YVELINES,03/01/2024,19h04,90.89,noix de cajou,graines et noix,False,0529 1 41 0129
NOIX CAJOU SEL/POI,1,3.98,3.98,0.16,24.9,SAINT QUENTIN EN YVELINES,03/01/2024,19h04,90.89,noix de cajou,graines et noix,False,0529 1 41 0129
350G 12+2 MADELEIN,1,3.18,3.18,,,SAINT QUENTIN EN YVELINES,03/01/2024,19h04,90.89,madeleine,grinottage,False,0529 1 41 0129
4X140G THON NAT.DR,1,9.56,9.56,,,SAINT QUENTIN EN YVELINES,03/01/2024,19h04,90.89,thon,poisson,False,0529 1 41 0129
100G CHOC.NOIR REP,1,2.99,2.99,,,SAINT QUENTIN EN YVELINES,03/01/2024,19h04,90.89,chocolat noir,grinottage,False,0529 1 41 0129
100G CHOCOLAT NOIR,1,2.85,2.85,,,SAINT QUENTIN EN YVELINES,03/01/2024,19h04,90.89,chocolat noir,grinottage,False,0529 1 41 0129
100G CHOCOLAT NOIR,1,3.15,3.15,,,SAINT QUENTIN EN YVELINES,03/01/2024,19h04,90.89,chocolat noir,grinottage,False,0529 1 41 0129
PAVE SAUMON,1,19.99,19.99,,,SAINT QUENTIN EN YVELINES,03/01/2024,19h04,90.89,saumon,poisson,False,0529 1 41 0129
FENOUIL VRA,1,3.58,3.58,1.026,3.49,SAINT QUENTIN EN YVELINES,03/01/2024,19h04,90.89,fenouil,légumes,False,0529 1 41 0129
BEAUMONT DE SAVOIE,1,5.66,5.66,0.316,17.9,SAINT QUENTIN EN YVELINES,03/01/2024,19h04,90.89,fromage,produits laitiers,False,0529 1 41 0129
FLT 1KG NAVET ROND,1,1.99,1.99,,,SAINT QUENTIN EN YVELINES,03/01/2024,19h04,90.89,navet,légumes,False,0529 1 41 0129
BOT.1KG POIREAU FR,1,1.99,1.99,,,SAINT QUENTIN EN YVELINES,03/01/2024,19h04,90.89,poireau,légumes,False,0529 1 41 0129
BONNE MAMAN FSE YR,1,1.85,1.85,,,SAINT QUENTIN EN YVELINES,03/01/2024,19h04,90.89,yaourt,produits laitiers,False,0529 1 41 0129
BONNE MAMAN FSE YR,1,1.85,1.85,,,SAINT QUENTIN EN YVELINES,03/01/2024,19h04,90.89,yaourt,produits laitiers,False,0529 1 41 0129
BONNE MAMAN FSE YR,1,1.85,1.85,,,SAINT QUENTIN EN YVELINES,03/01/2024,19h04,90.89,yaourt,produits laitiers,False,0529 1 41 0129
100G EMMENTAL RAPE,1,1.55,1.55,,,SAINT QUENTIN EN YVELINES,03/01/2024,19h04,90.89,fromage râpé,produits laitiers,False,0529 1 41 0129
RUSTIQUE CAM AFFIN,1,2.99,2.99,,,SAINT QUENTIN EN YVELINES,03/01/2024,19h04,90.89,fromage,produits laitiers,False,0529 1 41 0129
6 OEUFS PA LNA TC,1,2.05,2.05,,,SAINT QUENTIN EN YVELINES,03/01/2024,19h04,90.89,oeuf,oeufs,False,0529 1 41 0129
POMME ARIANE VRAC,1,1.72,1.72,0.575,2.99,SAINT QUENTIN EN YVELINES,03/01/2024,19h04,90.89,pomme,fruits,False,0529 1 41 0129
PECHE BLANCHE,1,2.77,2.77,0.555,4.99,MARKET VOISINS-LE-BRETONNEUX,14/06/2025,13h02,9.12,peche,poisson,False,7820 33 4409 0614
BANANES,1,1.7,1.7,0.81,2.1,MARKET VOISINS-LE-BRETONNEUX,14/06/2025,13h02,9.12,banane,fruits,False,7820 33 4409 0614
X15 OEUFS MOYEN CR,1,4.65,4.65,,,MARKET VOISINS-LE-BRETONNEUX,14/06/2025,13h02,9.12,oeuf,oeufs,False,7820 33 4409 0614
1.5 KG POUDRE SAC,1,2.69,2.69,,,SAINT QUENTIN EN YVELINES,10/06/2025,18h34,13.47,poudre lessive,hygiene et entretien,False,0529 107 78 0407
500G BEURRE MOULE,1,6.05,6.05,,,SAINT QUENTIN EN YVELINES,10/06/2025,18h34,13.47,beurre,produits laitiers,False,0529 107 78 0407
BANANES,1,1.34,1.34,0.673,1.99,SAINT QUENTIN EN YVELINES,10/06/2025,18h34,13.47,banane,fruits,False,0529 107 78 0407
6 OEUFS BIO LNA TC,1,3.39,3.39,,,SAINT QUENTIN EN YVELINES,10/06/2025,18h34,13.47,oeuf,oeufs,True,0529 107 78 0407
500G SON DAVOINE,1,2.79,2.79,,,SAINT QUENTIN EN YVELINES,05/06/2025,19h03,124.64,son d'avoine,céréales et féculents,False,0529 20 240 0126
250G CAMEMBER.PAST,1,2.65,2.65,,,SAINT QUENTIN EN YVELINES,05/06/2025,19h03,124.64,camembert,produits laitiers,False,0529 20 240 0126
COMTE RESERV.BADOZ,1,5.34,5.34,0.316,16.9,SAINT QUENTIN EN YVELINES,05/06/2025,19h03,124.64,fromage comté,produits laitiers,False,0529 20 240 0126
ASPERGE VERTE CEE,1,3.0,3.0,,,SAINT QUENTIN EN YVELINES,05/06/2025,19h03,124.64,asperge,légumes,False,0529 20 240 0126
X15 OEUFS MOYEN CR,1,4.65,4.65,,,SAINT QUENTIN EN YVELINES,05/06/2025,19h03,124.64,oeuf,oeufs,False,0529 20 240 0126
GERVAIS FRAIS NAT,1,2.69,2.69,,,SAINT QUENTIN EN YVELINES,05/06/2025,19h03,124.64,yaourt,produits laitiers,False,0529 20 240 0126
GERVAIS FRAIS NAT,1,2.69,2.69,,,SAINT QUENTIN EN YVELINES,05/06/2025,19h03,124.64,yaourt,produits laitiers,False,0529 20 240 0126
POIREAU VRAC,1,4.14,4.14,1.385,2.99,SAINT QUENTIN EN YVELINES,05/06/2025,19h03,124.64,poireau,légumes,False,0529 20 240 0126
75CL BIO PUR JUS C,1,3.09,3.09,,,SAINT QUENTIN EN YVELINES,05/06/2025,19h03,124.64,jus de fruits,boisson,True,0529 20 240 0126
75CL BIO PUR JUS C,1,3.09,3.09,,,SAINT QUENTIN EN YVELINES,05/06/2025,19h03,124.64,jus de fruits,boisson,True,0529 20 240 0126
POIVRON ROUGE,1,0.78,0.78,0.261,2.99,SAINT QUENTIN EN YVELINES,05/06/2025,19h03,124.64,poivron,légumes,False,0529 20 240 0126
POIVRON ROUGE,1,0.78,0.78,0.261,0.78,SAINT QUENTIN EN YVELINES,05/06/2025,19h03,124.64,poivron,légumes,False,0529 20 240 0126
CAROTTE FQC VRAC,1,4.47,4.47,2.497,1.79,SAINT QUENTIN EN YVELINES,05/06/2025,19h03,124.64,carotte,légumes,False,0529 20 240 0126
PATATE DOUCE VRAC,1,4.78,4.78,1.92,2.49,SAINT QUENTIN EN YVELINES,05/06/2025,19h03,124.64,patate douce,légumes,False,0529 20 240 0126
500G SON DAVOINE,1,2.79,2.79,,,SAINT QUENTIN EN YVELINES,05/06/2025,19h03,124.64,son d'avoine,céréales et féculents,False,0529 20 240 0126
MANGUE PIECE,2,1.99,3.98,,,SAINT QUENTIN EN YVELINES,05/06/2025,19h03,124.64,mangue,fruits,False,0529 20 240 0126
COURGETTE,1,1.38,1.38,0.993,1.39,SAINT QUENTIN EN YVELINES,05/06/2025,19h03,124.64,courgette,légumes,False,0529 20 240 0126
BANANE CRF BIO,1,1.99,1.99,,,SAINT QUENTIN EN YVELINES,05/06/2025,19h03,124.64,banane,fruits,True,0529 20 240 0126
TOMATE RDE CHARNUE,1,2.45,2.45,0.911,2.69,SAINT QUENTIN EN YVELINES,05/06/2025,19h03,124.64,tomate,légumes,False,0529 20 240 0126
100G CHOCO NOIR 75,1,2.85,2.85,,,SAINT QUENTIN EN YVELINES,05/06/2025,19h03,124.64,chocolat noir,grinottage,False,0529 20 240 0126
100G CHOCO.NR.ABSO,1,2.65,2.65,,,SAINT QUENTIN EN YVELINES,05/06/2025,19h03,124.64,chocolat noir,grinottage,False,0529 20 240 0126
100G CHOC NR 85%,1,2.55,2.55,,,SAINT QUENTIN EN YVELINES,05/06/2025,19h03,124.64,chocolat noir,grinottage,False,0529 20 240 0126
100G CHOC NR 85%,1,2.55,2.55,,,SAINT QUENTIN EN YVELINES,05/06/2025,19h03,124.64,chocolat noir,grinottage,False,0529 20 240 0126
225G BIO FOURRE CH,1,2.95,2.95,,,SAINT QUENTIN EN YVELINES,05/06/2025,19h03,124.64,biscuit,grinottage,True,0529 20 240 0126
225G BIO FOURRE CH,1,2.95,2.95,,,SAINT QUENTIN EN YVELINES,05/06/2025,19h03,124.64,biscuit,grinottage,True,0529 20 240 0126
3X112G THON NAT MS,1,8.8,8.8,,,SAINT QUENTIN EN YVELINES,05/06/2025,19h03,124.64,thon,poisson,False,0529 20 240 0126
225G BIO FOURRE CH,1,2.95,2.95,,,SAINT QUENTIN EN YVELINES,05/06/2025,19h03,124.64,biscuit,grinottage,True,0529 20 240 0126
225G BIO FOURRE CH,1,2.95,2.95,,,SAINT QUENTIN EN YVELINES,05/06/2025,19h03,124.64,biscuit,grinottage,True,0529 20 240 0126
225G BIO FOURRE CH,1,2.95,2.95,,,SAINT QUENTIN EN YVELINES,05/06/2025,19h03,124.64,biscuit,grinottage,True,0529 20 240 0126
PLT TOMATE CERISE,1,5.99,5.99,,,SAINT QUENTIN EN YVELINES,05/06/2025,19h03,124.64,tomate cerise,légumes,False,0529 20 240 0126
225G BIO FOURRE CH,1,2.95,2.95,,,SAINT QUENTIN EN YVELINES,05/06/2025,19h03,124.64,biscuit,grinottage,True,0529 20 240 0126
6X1L LAIT BIO 1/2E,1,7.08,7.08,,,SAINT QUENTIN EN YVELINES,05/06/2025,19h03,124.64,lait,produits laitiers,True,0529 20 240 0126
6X1L LAIT BIO 1/2E,1,7.08,7.08,,,SAINT QUENTIN EN YVELINES,05/06/2025,19h03,124.64,lait,produits laitiers,True,0529 20 240 0126
1L LAIT FRAIS ENTI,1,1.75,1.75,,,SAINT QUENTIN EN YVELINES,05/06/2025,19h03,124.64,lait,produits laitiers,False,0529 20 240 0126
SKIP LIQ SENSI 2X5,1,25.59,25.59,,,SAINT QUENTIN EN YVELINES,05/06/2025,19h03,124.64,lessive,hygiene et entretien,False,0529 20 240 0126
250G CAMEMBER.PAST,1,2.65,2.65,,,SAINT QUENTIN EN YVELINES,26/05/2025,19h54,16.78,camembert,produits laitiers,False,0529 102 212 0402
POIVRON ROUGE,1,0.83,0.83,0.208,3.99,SAINT QUENTIN EN YVELINES,26/05/2025,19h54,16.78,poivron,légumes,False,0529 102 212 0402
TOMATE NOIRE,1,0.93,0.93,0.233,3.99,SAINT QUENTIN EN YVELINES,26/05/2025,19h54,16.78,tomate,légumes,False,0529 102 212 0402
100G CHOC NR 85%,1,2.55,2.55,,,SAINT QUENTIN EN YVELINES,26/05/2025,19h54,16.78,chocolat noir,grinottage,False,0529 102 212 0402
100G BIO CHOC.NOIR,1,2.99,2.99,,,SAINT QUENTIN EN YVELINES,26/05/2025,19h54,16.78,chocolat noir,grinottage,True,0529 102 212 0402
100G CHOCO NOIR 75,1,2.85,2.85,,,SAINT QUENTIN EN YVELINES,26/05/2025,19h54,16.78,chocolat noir,grinottage,False,0529 102 212 0402
MANGUE PIECE,1,1.99,1.99,,,SAINT QUENTIN EN YVELINES,26/05/2025,19h54,16.78,mangue,fruits,False,0529 102 212 0402
BANANE CRF BIO,1,1.99,1.99,,,SAINT QUENTIN EN YVELINES,26/05/2025,19h54,16.78,banane,fruits,True,0529 102 212 0402
4 FOIES DE LAPIN,1,3.95,3.95,0.233,16.95,SAINT QUENTIN EN YVELINES,14/05/2025,19h28,106.49,foie lapin,viande,False,0529 20 273 0111
LENTILLES VERTES,1,5.3,5.3,0.898,5.9,SAINT QUENTIN EN YVELINES,14/05/2025,19h28,106.49,lentilles,céréales et féculents,False,0529 20 273 0111
RIZ LONG COMPLET,1,2.72,2.72,0.907,3.0,SAINT QUENTIN EN YVELINES,14/05/2025,19h28,106.49,riz,céréales et féculents,False,0529 20 273 0111
BIO CRF OIGNON JN,1,2.79,2.79,,,SAINT QUENTIN EN YVELINES,14/05/2025,19h28,106.49,oignon,légumes,True,0529 20 273 0111
2L BIO HLE OLIVE E,1,25.95,25.95,,,SAINT QUENTIN EN YVELINES,14/05/2025,19h28,106.49,huile d'olive,condiments,True,0529 20 273 0111
225G BIO FOURRE CH,3,2.95,8.85,,,SAINT QUENTIN EN YVELINES,14/05/2025,19h28,106.49,biscuit,grinottage,True,0529 20 273 0111
100G CHOC NR 78% G,3,2.89,8.67,,,SAINT QUENTIN EN YVELINES,14/05/2025,19h28,106.49,chocolat noir,grinottage,False,0529 20 273 0111
1L LAIT FRAIS ENTI,1,1.75,1.75,,,SAINT QUENTIN EN YVELINES,14/05/2025,19h28,106.49,lait,produits laitiers,False,0529 20 273 0111
COURGETTE,1,3.04,3.04,1.608,1.89,SAINT QUENTIN EN YVELINES,14/05/2025,19h28,106.49,courgette,légumes,False,0529 20 273 0111
121G FOIE MORUE,1,2.29,2.29,,,SAINT QUENTIN EN YVELINES,14/05/2025,19h28,106.49,foie morue,poisson,False,0529 20 273 0111
80G POIVRE STEAK L,1,3.5,3.5,,,SAINT QUENTIN EN YVELINES,14/05/2025,19h28,106.49,poivre,condiments,False,0529 20 273 0111
320G MAYO.FIN GOUR,1,2.95,2.95,,,SAINT QUENTIN EN YVELINES,14/05/2025,19h28,106.49,mayonnaise,condiments,False,0529 20 273 0111
25CL PUR JUS CITRO,1,2.25,2.25,,,SAINT QUENTIN EN YVELINES,14/05/2025,19h28,106.49,jus de fruits,boisson,False,0529 20 273 0111
500G SON DAVOINE,1,2.79,2.79,,,SAINT QUENTIN EN YVELINES,14/05/2025,19h28,106.49,son d'avoine,céréales et féculents,False,0529 20 273 0111
500G SON DAVOINE,1,2.79,2.79,,,SAINT QUENTIN EN YVELINES,14/05/2025,19h28,106.49,son d'avoine,céréales et féculents,False,0529 20 273 0111
GERVAIS FRAIS NAT,1,2.69,2.69,,,SAINT QUENTIN EN YVELINES,14/05/2025,19h28,106.49,yaourt,produits laitiers,False,0529 20 273 0111
250G CAMEMBERT CRF,1,2.65,1.85,,,SAINT QUENTIN EN YVELINES,14/05/2025,19h28,106.49,camembert,produits laitiers,False,0529 20 273 0111
CITRON BIO CRF 500,1,1.99,1.99,,,SAINT QUENTIN EN YVELINES,14/05/2025,19h28,106.49,citron,fruits,True,0529 20 273 0111
MANGUE PIECE,2,1.99,3.98,,,SAINT QUENTIN EN YVELINES,14/05/2025,19h28,106.49,mangue,fruits,False,0529 20 273 0111
10 OEUFS BIO LNA T,1,5.59,5.59,,,SAINT QUENTIN EN YVELINES,14/05/2025,19h28,106.49,oeuf,oeufs,True,0529 20 273 0111
6X1L LT 1/2EC SS,1,10.8,10.8,,,SAINT QUENTIN EN YVELINES,14/05/2025,19h28,106.49,lait,produits laitiers,False,0529 20 273 0111
